obs,y
1,-0.058849524
2,-0.122817404
3,-0.074810796
4,-0.974201376
5,-0.535320212
6,-0.861529171
7,-0.825649093
8,-1.987854834
9,0.291517963
10,-1.07246563
11,0.275286415
12,3.005353227
13,5.074798214
14,0.865315199
15,1.997357892
16,1.723526253
17,-0.292892675
18,-0.039215611
19,-0.502549893
20,0.512960587
21,1.622297974
22,0.021851439
23,1.106748807
24,0.115664074
25,1.065151135
26,-0.901556542
27,2.098105767
28,0.52473468
29,0.464384375
30,0.093922434
31,0.611046609
32,1.940481997
33,3.265230661
34,4.350051408
35,3.192628631
36,3.445054922
37,2.842809374
38,0.358953919
39,-5.257159367
40,-6.516134052
41,-4.777523193
42,-4.716883962
43,-4.20091193
44,-3.131552421
45,-3.459518269
46,-2.701334014
47,-1.92200595
48,-1.99345624
49,-1.966074093
50,-2.084383862
51,-2.142897533
52,-1.512291156
53,-2.49433139
54,-0.204891101
55,1.564008405
56,0.990138419
57,0.305056261
58,0.482790398
59,0.498138164
60,0.512637105
61,-0.622787073
62,0.322564593
63,0.20028156
64,-0.480162668
65,-1.167137432
66,-1.005082561
67,-1.893994512
68,-0.697684124
69,-0.722131489
70,-0.836672858
71,-1.094202545
72,0.049055451
73,-0.615132467
74,0.195716638
75,0.00322707
76,-0.590184515
77,0.698115197
78,0.45336561
79,0.489500622
80,2.770786324
81,3.166584236
82,2.59712979
83,2.34139895
84,0.121110517
85,0.918327871
86,0.880898913
87,-0.574545886
88,-1.84697368
89,-0.516436277
90,0.240403307
91,0.88389505
92,1.075119992
93,2.856748673
94,1.939193619
95,1.2332911
96,1.194943204
97,0.987829336
98,1.199417186
99,1.171717031
100,0.513503558
101,1.967061513
102,3.214628805
103,0.222385103
104,2.392034546
105,2.456483814
106,1.70589983
107,0.46918444
108,1.55086516
109,0.380467784
110,1.719690935
111,0.79837585
112,0.870701597
113,0.850355448
114,0.432768743
115,-0.175056058
116,-1.254991189
117,-0.209382527
118,-0.218522919
119,1.095186444
120,2.151382581
121,3.650426137
122,3.425334278
123,2.132443843
124,-0.014653195
125,0.354923822
126,-0.431479557
127,-1.851667957
128,-3.978936043
129,-2.726916422
130,-2.13631509
131,-1.369823065
132,-1.908337667
133,1.914602617
134,3.010912563
135,4.320715834
136,5.076293997
137,2.274801911
138,-1.237396211
139,-5.132567736
140,-4.68343311
141,-3.044172945
142,-3.64073663
143,-2.873887383
144,-1.995729955
145,-2.133886373
146,0.021117612
147,2.171588482
148,3.568990185
149,0.763713409
150,-2.567936556
151,6.348918953
152,3.307741272
153,3.10542276
154,2.425359476
155,2.638068517
156,3.814470451
157,0.826124136
158,0.450579305
159,2.113787296
160,0.866948066
161,-0.07071035
162,-0.740764682
163,-0.479942417
164,-0.558829216
165,0.189693007
166,-1.533496757
167,0.034597402
168,-1.659343178
169,0.954362656
170,-0.308825732
171,-0.227662103
172,-0.742709646
173,-1.556786728
174,-0.862806354
175,-0.910888833
176,0.429654358
177,0.339039621
178,0.230768696
179,1.465928039
180,0.162823607
181,-0.88576179
182,-0.471475284
183,-1.133908725
184,-0.507474226
185,-0.977101682
186,-0.548632085
187,-0.169109906
188,-0.073439792
189,0.748834208
190,-0.103524359
191,1.129221991
192,0.573756582
193,1.579569464
194,1.729159123
195,2.085980259
196,1.621862282
197,1.694352818
198,-0.045881053
199,-1.112570493
200,-2.848618724
201,-4.002770734
202,-1.812234204
203,-3.001990729
204,-1.602022523
205,-1.502369986
206,0.249187822
207,1.559696837
208,-1.31676807
209,-4.593284814
210,-0.486693196
211,-0.842873544
212,-1.000936785
213,-0.692327907
214,-1.067111943
215,-1.699980672
216,-2.276015915
217,-0.436085226
218,-0.440805
219,-0.9080444
220,-1.719412605
221,-1.665988962
222,-1.757849359
223,-4.404037825
224,-2.90099405
225,-1.892032583
226,-1.926093414
227,-0.091663783
228,-0.335274486
229,-0.362352347
230,-0.669152653
231,0.261259852
232,-1.371694938
233,-0.290925594
234,-0.884991764
235,-1.245062032
236,-0.170459926
237,-0.034323117
238,-0.975183058
239,-1.263487914
240,-2.869647234
241,-2.780933033
242,-0.636264231
243,-1.444404436
244,-1.184269663
245,-1.990772559
246,-1.968218308
247,-2.08683628
248,-2.072618071
249,-2.165589213
250,0.181211904
251,-1.148721484
252,-2.130634125
253,-1.245427
254,0.156143465
255,0.998393776
256,0.142952357
257,0.268245128
258,0.25010978
259,-3.57685428
260,-4.99901858
261,-2.813034878
262,-1.58589337
263,-1.873835515
264,-2.727611961
265,-2.767597593
266,-1.07210123
267,-0.911317921
268,-0.75703079
269,0.290155081
270,2.15221229
271,1.239870885
272,-0.796481058
273,-1.738449184
274,-0.923456129
275,-0.980253858
276,0.633743347
277,0.923770361
278,1.463533953
279,0.515849933
280,1.269172945
281,-0.466425458
282,-2.215172305
283,-1.370650962
284,-1.445391743
285,-1.499829184
286,0.842659062
287,1.303432011
288,0.614747945
289,-0.036314027
290,0.52673156
291,1.666623615
292,2.287652194
293,0.419761847
294,-2.332075803
295,-2.843337652
296,-5.850233581
297,-5.294972192
298,-5.540811142
299,-2.284029061
300,-2.68678569
301,0.073056111
302,0.338419561
303,1.140954555
304,0.485623056
305,1.85168598
306,0.351196996
307,0.793045818
308,-0.251666368
309,-2.416263794
310,-4.451628776
311,-4.646397022
312,-4.549037788
313,-4.557683244
314,-5.33395722
315,-3.388897607
316,-1.317051013
317,-2.225548554
318,-4.057516272
319,-4.051766431
320,-3.367029434
321,-3.413064733
322,-0.023481422
323,-1.721250731
324,0.213298703
325,2.066926651
326,2.822372317
327,3.11332483
328,2.451121098
329,0.969994485
330,0.597593329
331,-0.77107411
332,-0.842350406
333,-0.666443772
334,0.186930425
335,0.890201725
336,0.537940925
337,0.967888964
338,0.587225053
339,0.683823346
340,-0.045607452
341,1.479616433
342,0.674842219
343,-0.092358476
344,-0.236164446
345,-0.068570262
346,-0.452699202
347,1.07959607
348,0.979075475
349,0.580268744
350,-0.748274873
351,0.488264595
352,0.367715855
353,-0.461331171
354,-2.984223918
355,2.753005878
356,4.006441635
357,3.398004496
358,4.053010403
359,3.626887179
360,3.478823572
361,3.02421016
362,3.048080171
363,2.853994301
364,2.499799569
365,2.548245266
366,2.968010647
367,2.82553464
368,3.063036081
369,1.515641737
370,-0.272917567
371,1.90684831
372,2.785477756
373,3.824730645
374,3.268882273
375,1.170744513
376,-0.113300988
377,-0.084554543
378,0.044074003
379,-1.283243405
380,-0.775634925
381,1.146453249
382,2.709122299
383,3.730416494
384,3.8059948
385,0.395656516
386,3.223332773
387,-0.724874433
388,0.759783929
389,-1.17698455
390,-0.998403931
391,0.114813772
392,1.250842946
393,0.67896183
394,1.556981259
395,1.505961763
396,0.013092606
397,-0.799821164
398,0.162104595
399,-0.754599148
400,-0.154424516
401,-0.064989549
402,-0.540293008
403,-1.420347827
404,1.004896431
405,0.847978333
406,0.728601665
407,0.477133686
408,0.68338644
409,1.415734075
410,1.366927238
411,1.365434486
412,0.388077226
413,-1.311399913
414,-0.005921347
415,-0.706252279
416,-1.007618787
417,-1.166710617
418,0.62911389
419,1.440679762
420,1.19663246
421,0.517216606
422,-0.623295964
423,0.801262319
424,0.338422395
425,-0.52732272
426,-0.400713396
427,-0.989159512
428,-0.628275698
429,0.014775365
430,0.522756342
431,0.514284989
432,-0.18474632
433,-0.735922425
434,-2.044347993
435,-2.036101853
436,-1.108483424
437,-1.08481127
438,-0.461283845
439,-0.560413511
440,-1.788543831
441,-0.01897631
442,-1.313204992
443,2.173203149
444,0.296828784
445,0.07426092
446,0.624377174
447,1.63274181
448,1.51651042
449,1.672933329
450,2.158040973
451,2.657409957
452,4.152011182
453,3.755323106
454,1.503064936
455,-0.890200251
456,-4.529830324
457,-6.954195857
458,-3.322729147
459,-0.834089688
460,1.922973353
461,1.526162067
462,2.560628339
463,-0.347481162
464,-1.148571571
465,-1.828288979
466,-0.774491971
467,-2.925814802
468,-3.530689394
469,-2.043169455
470,-0.824906536
471,-0.120005404
472,-1.095388685
473,-0.865280138
474,-1.018576845
475,-1.197579798
476,-0.672268527
477,-1.766925328
478,-1.353313298
479,-0.511042664
480,-2.342587341
481,-1.423737313
482,-1.588878162
483,-1.800531029
484,-1.599600905
485,-1.232075779
486,-1.104058552
487,-2.276761301
488,-2.189642122
489,-2.012582863
490,-1.485943794
491,-2.019153095
492,-3.813536499
493,-2.357540578
494,-1.03937148
495,-1.619361787
496,1.817966706
497,3.103715905
498,1.882046746
499,1.535037563
500,0.938533408
501,0.101577835
502,-0.545231167
503,0.336435042
504,0.567758065
505,0.007316916
506,-0.567857801
507,-4.065753205
508,1.451757528
509,6.975046323
510,3.928438663
511,3.861680427
512,1.834317505
513,1.802211408
514,0.273601166
515,0.373398688
516,0.559740417
517,3.042630564
518,1.810035569
519,0.627568846
520,-1.387136152
521,1.547227067
522,0.950304682
523,0.929271702
524,-0.092408491
525,-0.647434373
526,-2.703947277
527,-1.130205502
528,-0.674569679
529,0.479674802
530,0.288057529
531,-0.792277236
532,-0.047988722
533,-0.665849888
534,-0.286797634
535,-0.162660144
536,1.13544451
537,1.390125683
538,0.694775617
539,1.233155024
540,1.800391375
541,0.212273387
542,1.830607706
543,2.430983062
544,2.033745907
545,0.499268884
546,-1.674577615
547,-2.927826855
548,-2.148491011
549,-1.548427282
550,-1.914652906
551,-2.360861334
552,-2.274906002
553,-1.753673137
554,-0.643635922
555,-3.283797335
556,-5.027788032
557,-6.102294902
558,-6.292187235
559,-5.961419198
560,-2.939625625
561,-2.98956751
562,-1.842052009
563,-0.525135584
564,1.826707315
565,5.86864164
566,5.045116385
567,4.197665561
568,4.312274884
569,3.784867157
570,1.21524668
571,2.313314774
572,0.163895198
573,0.844994855
574,0.366771305
575,0.442333092
576,-0.672773344
577,-1.724470043
578,-1.367339181
579,-0.503314719
580,-1.204226004
581,-2.996646263
582,-6.696605542
583,-6.045914431
584,-3.026127734
585,-4.236381489
586,-0.627313748
587,0.183092467
588,-1.264034866
589,-2.928542082
590,-0.45904152
591,0.181625567
592,0.779414816
593,-0.006719983
594,-0.437224647
595,0.667914505
596,-1.356052534
597,-1.470164003
598,-1.912397635
599,-1.365265894
600,1.021299012
601,0.636380018
602,2.721508564
603,0.134003609
604,1.267247156
605,0.12749004
606,-0.684551328
607,-2.645894943
608,-3.896082761
609,-2.523211714
610,-1.178401049
611,-1.411954399
612,0.414660233
613,-1.351352493
614,-2.092100024
615,-1.335942697
616,-0.803107503
617,0.677722649
618,-0.186619193
619,-0.569855121
620,-1.760461516
621,-3.16966269
622,-2.148533136
623,-1.785184935
624,-2.363519003
625,-3.075085701
626,-1.577041147
627,-1.987554732
628,-1.179038076
629,-2.627232984
630,-3.086142418
631,-0.793056036
632,-0.155266854
633,-0.663597033
634,-2.126025923
635,-0.720655949
636,-0.602250325
637,-2.110209555
638,1.860844254
639,3.874239898
640,2.312683886
641,5.28861783
642,5.255855095
643,3.586287692
644,1.713024023
645,-0.627187734
646,1.261269436
647,1.494858753
648,2.01467444
649,0.321956461
650,-1.024727404
651,2.066974114
652,3.047764525
653,1.91766277
654,0.797399133
655,0.080625878
656,0.800373706
657,1.400287276
658,-0.124842125
659,-0.34702635
660,-2.165945785
661,-1.334436247
662,-2.143732893
663,-2.103881263
664,-2.531384167
665,-1.464184342
666,0.675080521
667,0.938663514
668,0.618735768
669,1.252393108
670,2.181801834
671,1.109897146
672,-0.087907155
673,-0.343559541
674,-0.521650273
675,-0.761199852
676,-1.762921084
677,0.337466974
678,-0.994798425
679,-1.680840714
680,-1.523013663
681,-0.150658497
682,-2.866878898
683,-3.243407272
684,-2.294933105
685,-2.411134308
686,-2.642470466
687,-2.151370061
688,-0.563685025
689,0.349066153
690,0.585736641
691,0.279931953
692,0.382035677
693,-0.927796299
694,0.506739551
695,1.600614062
696,1.440151698
697,1.628377132
698,2.190784122
699,1.112084514
700,1.919020945
701,2.148820924
702,2.196724847
703,2.49270783
704,3.815400978
705,0.110888586
706,3.265079792
707,0.7559579
708,-0.662989537
709,-1.388031088
710,-1.838000674
711,-2.998189569
712,-1.100985994
713,-1.136714524
714,-2.305827458
715,-1.495731634
716,-2.330336392
717,-0.584994175
718,-0.5865224
719,0.360774088
720,-0.981802438
721,-2.020066422
722,-2.479877501
723,-2.964579192
724,-2.156792992
725,-2.186318889
726,-2.16792595
727,-2.522231033
728,-2.435302228
729,-1.716512199
730,-2.414516517
731,-1.524350691
732,-0.090351488
733,0.471070635
734,0.570335424
735,-0.567201112
736,-2.175912897
737,-3.425618149
738,-3.840036655
739,-4.176629554
740,-2.791583223
741,-2.353833804
742,-0.843964612
743,-1.302359888
744,-3.51631316
745,-2.540996002
746,-3.725233275
747,-4.133988491
748,-3.888061111
749,-2.483048187
750,-0.759185062
751,-1.150236318
752,-2.010516626
753,-2.180951016
754,-2.365450596
755,-2.807924551
756,-3.209538785
757,-3.906226594
758,-4.162793192
759,-3.657535267
760,-1.172517047
761,-1.673023979
762,-0.970311109
763,-2.032999317
764,-1.655523272
765,-2.688015843
766,-3.27752943
767,-2.157830595
768,-1.695166506
769,-2.393575198
770,-2.137089361
771,-2.340976992
772,-1.945779063
773,-0.06673459
774,-2.259084157
775,-4.898193982
776,-3.675950223
777,-4.50661908
778,-3.762008925
779,-1.363473129
780,1.230545077
781,0.321880076
782,-0.355745471
783,-0.9512591
784,0.452523336
785,-0.348362054
786,0.91075865
787,1.014412905
788,-1.538914066
789,3.879047788
790,1.967623642
791,-1.112274326
792,0.108700035
793,0.769092009
794,-0.816777564
795,0.285103989
796,-0.781524957
797,0.115403847
798,-0.579902774
799,-0.810137103
800,-2.383358368
801,-1.171365231
802,-0.7644455
803,-1.270814329
804,-1.828562483
805,-2.550478869
806,-1.08694375
807,-3.817570449
808,2.716364768
809,2.348959434
810,2.716053681
811,0.3389703
812,-1.612934073
813,0.052195482
814,-2.284114381
815,-4.367513076
816,-2.185077355
817,-1.293464547
818,-0.46267313
819,0.450119193
820,-1.19453194
821,-2.643361464
822,-4.57186361
823,-2.371892111
824,-0.478000569
825,-0.823468996
826,-1.88681864
827,-2.458556748
828,-2.762740552
829,-2.667570454
830,-2.790637393
831,-2.060985342
832,-0.352965526
833,-0.568786623
834,-0.153738623
835,-0.54646844
836,0.396539416
837,-0.457238556
838,-0.110224223
839,0.569806857
840,0.767120755
841,-0.043340151
842,2.16446304
843,3.731898216
844,2.407742338
845,5.337462373
846,5.178178002
847,3.827511641
848,2.312509589
849,2.182891837
850,1.767082053
851,2.048246297
852,1.312477757
853,2.005504444
854,1.581821827
855,2.207100443
856,1.085894927
857,1.5648434
858,-2.526979332
859,-2.862051475
860,-1.247460264
861,-2.876748968
862,-0.123866614
863,-3.658464693
864,-3.539701342
865,-3.867607242
866,-2.137538884
867,-1.862838828
868,-2.16525884
869,-2.934117813
870,-1.862976638
871,-1.216565748
872,1.212910815
873,2.526511121
874,3.951937548
875,3.911387676
876,2.300272998
877,2.528227903
878,1.510529749
879,0.704767742
880,-1.052110616
881,-0.506622907
882,0.7016297
883,0.465159424
884,-1.131746637
885,-0.300103945
886,-1.608310312
887,-0.471825302
888,-0.693783235
889,-1.052085372
890,-2.445092637
891,-5.707754922
892,-8.383252043
893,-0.582273158
894,0.151863831
895,0.053991808
896,-0.157058546
897,-0.919673437
898,0.70892088
899,0.104002592
900,-0.968875718
901,-0.272485688
902,0.446664277
903,0.051317297
904,0.031049686
905,-0.152239264
906,0.604366747
907,-1.451353695
908,-0.910307149
909,-0.858425149
910,0.398926236
911,-1.368980243
912,-2.086994326
913,-0.492371486
914,0.352216736
915,1.765649738
916,3.752068143
917,2.68026017
918,3.077908767
919,2.669897248
920,1.645877479
921,1.304825858
922,2.884827777
923,4.364889982
924,2.752654372
925,2.54098038
926,3.315129925
927,2.488235289
928,2.159000871
929,0.869911327
930,0.469818283
931,1.154153872
932,0.229223671
933,-0.963777353
934,-2.280545654
935,-4.091740165
936,-2.589000219
937,-0.995752837
938,-2.271054416
939,-3.120388571
940,-0.891505493
941,-1.988153526
942,-0.597338248
943,-2.412493109
944,0.718273675
945,1.317718253
946,2.661178306
947,2.835409045
948,4.033827589
949,3.195271666
950,2.022914065
951,1.227502399
952,-0.535756941
953,-2.390380462
954,1.21228322
955,1.120334297
956,1.530945545
957,0.755779939
958,1.883371436
959,0.578896517
960,0.413583555
961,-2.228579777
962,-1.804593968
963,-3.176179964
964,0.777510776
965,4.039682021
966,-1.309039203
967,-0.656984985
968,-1.721299692
969,0.836091233
970,2.909496658
971,2.732167182
972,1.961904013
973,0.499595273
974,0.815989235
975,-0.011390611
976,-0.04780054
977,0.813835604
978,0.815942292
979,1.023163943
980,0.418244605
981,1.551269244
982,3.460584975
983,5.239138216
984,5.496187666
985,1.492257737
986,2.376118163
987,0.450051306
988,-1.099369014
989,0.769630858
990,-0.043567308
991,-0.571673341
992,-0.257426668
993,0.480845245
994,0.868298569
995,2.895974815
996,2.144492381
997,0.549711236
998,-0.940219807
999,0.496893306
1000,1.813730759
1001,1.681772431
1002,2.361429527
1003,0.278498357
1004,3.342354738
1005,-1.232807122
1006,-2.462986062
1007,-2.884325775
1008,-0.809391868
1009,0.760220899
1010,0.200995904
1011,0.451006089
1012,0.09216023
1013,-1.033238657
1014,-1.134202422
1015,-0.498533899
1016,-0.980828443
1017,1.557523229
1018,2.807646715
1019,2.06361252
1020,1.944382072
1021,2.016686998
1022,2.125647711
1023,2.074730163
1024,0.944476441
1025,-1.544507476
1026,-0.626030711
1027,1.954247418
1028,2.025773624
1029,1.344867659
1030,0.773375756
1031,0.551251902
1032,0.200457562
1033,1.674239398
1034,1.380206231
1035,1.908332921
1036,3.51000254
1037,1.118274288
1038,-0.569148812
1039,2.12709415
1040,0.938109125
1041,2.112965721
1042,2.499068331
1043,1.989081766
1044,1.948401595
1045,0.381774793
1046,-0.57919156
1047,-0.343533303
1048,-1.011276173
1049,0.94702732
1050,3.928592444
1051,6.312587633
1052,3.320035389
1053,3.223937847
1054,2.646514916
1055,3.751898985
1056,1.934514358
1057,-0.1708872
1058,-2.276319407
1059,0.738161926
1060,1.097138814
1061,1.442951573
1062,0.960811086
1063,3.027446881
1064,0.079953248
1065,-0.395837639
1066,0.527280827
1067,-0.176918807
1068,-0.481915591
1069,-2.178179616
1070,-1.891246774
1071,-3.055028417
1072,-2.053737724
1073,-1.827443241
1074,-0.3741642
1075,-1.414258389
1076,-1.727418564
1077,-1.827707814
1078,-4.088116784
1079,-2.93392003
1080,-0.69217889
1081,0.242881205
1082,0.624619826
1083,0.508385383
1084,1.05105516
1085,-1.00910641
1086,-2.855955927
1087,-1.99274338
1088,-1.481468501
1089,-2.691845603
1090,-1.107611366
1091,-1.034509626
1092,-2.026373055
1093,-3.501627406
1094,-2.278610715
1095,-1.189241373
1096,-1.398438287
1097,-1.293718247
1098,-2.408584535
1099,-1.1109922
1100,-2.456678696
1101,-0.348820972
1102,0.361951579
1103,1.228665632
1104,1.170545181
1105,1.390439016
1106,0.637896668
1107,1.310071982
1108,1.184754312
1109,2.363029932
1110,-3.288834053
1111,0.010552811
1112,0.78147948
1113,0.740249385
1114,0.595481945
1115,-0.489372249
1116,-1.248617683
1117,1.060291122
1118,3.364238028
1119,3.234122792
1120,2.434824271
1121,1.512191593
1122,2.67574053
1123,2.805750743
1124,0.901928546
1125,-1.89851828
1126,-0.40261329
1127,0.288115463
1128,1.528040901
1129,-0.818553673
1130,-1.700387647
1131,-0.460797085
1132,1.47272845
1133,3.308264479
1134,2.55222768
1135,2.946822976
1136,2.385174971
1137,2.582055969
1138,2.038328861
1139,2.925368598
1140,1.894551607
1141,2.881954239
1142,2.714071616
1143,2.851909919
1144,1.753372647
1145,1.581153785
1146,1.040818467
1147,0.182848074
1148,0.568603635
1149,-0.206864864
1150,0.110067031
1151,0.050534481
1152,0.202094065
1153,0.929062833
1154,1.240928584
1155,1.276833838
1156,1.058121166
1157,0.233200522
1158,0.243282715
1159,-0.565919338
1160,0.359250518
1161,-0.919782999
1162,-2.065431549
1163,-2.310559911
1164,-1.886029546
1165,-0.354038787
1166,0.474482286
1167,1.704987254
1168,0.510423803
1169,1.390055271
1170,1.434725698
1171,-1.360479762
1172,-0.949657019
1173,-0.852971542
1174,-0.515367382
1175,0.244649539
1176,2.425234973
1177,0.450594383
1178,0.374867559
1179,0.18791464
1180,-0.807525112
1181,-2.12824897
1182,-0.357789373
1183,-1.102316456
1184,-3.113193009
1185,0.211193095
1186,0.705546781
1187,0.066669261
1188,1.164395829
1189,-1.046516366
1190,-2.992955058
1191,-1.660466915
1192,-1.187539803
1193,-1.973049401
1194,-2.139878061
1195,-2.130963968
1196,-1.197724294
1197,-0.828156901
1198,-0.723262895
1199,-0.183331104
1200,0.987779081
1201,0.214704915
1202,0.651187301
1203,1.293462691
1204,1.077038566
1205,-0.089684211
1206,-0.209274456
1207,0.69839857
1208,-0.524854172
1209,-0.872834563
1210,-1.388650573
1211,-3.011852618
1212,-1.242329665
1213,-1.080409524
1214,-0.782201929
1215,-1.086732902
1216,-1.42144384
1217,-0.903291062
1218,-0.365225932
1219,0.186376237
1220,-1.527416466
1221,-3.001826449
1222,-2.583966509
1223,-2.019363673
1224,-1.898697525
1225,-2.182674904
1226,-2.170629971
1227,-1.544939
1228,-1.613574629
1229,-2.014844705
1230,-1.207307131
1231,-1.292743672
1232,-0.731942789
1233,1.460456808
1234,0.571963258
1235,-0.125307411
1236,1.614932742
1237,3.248008609
1238,3.122890022
1239,-0.344219664
1240,-2.737140082
1241,-5.169182801
1242,0.179109417
1243,0.779233221
1244,3.161379885
1245,2.425664321
1246,1.746540445
1247,1.703546302
1248,1.263670319
1249,0.944445085
1250,0.532679592
1251,0.878902632
1252,2.47214669
1253,2.878318165
1254,4.253872706
1255,3.296971336
1256,1.742193251
1257,0.678264489
1258,0.624021639
1259,0.609943375
1260,1.129802079
1261,0.900032338
1262,-0.052924677
1263,0.302194849
1264,0.037827945
1265,-0.642290055
1266,0.375950333
1267,1.967462128
1268,-1.293721209
1269,-3.506392706
1270,-0.795488477
1271,0.748448916
1272,-1.873429179
1273,-2.773965059
1274,-0.742803985
1275,-3.521703881
1276,-2.475743337
1277,-1.373942436
1278,-0.7182734
1279,-0.069693217
1280,0.505375465
1281,1.365847305
1282,2.047596452
1283,1.498698857
1284,1.180569239
1285,2.325787652
1286,2.057672426
1287,2.562932112
1288,1.090779176
1289,2.399978565
1290,2.276499889
1291,2.108457205
1292,1.908037555
1293,2.773736348
1294,1.066451933
1295,1.328761253
1296,0.647990707
1297,1.785872497
1298,2.597210936
1299,3.104660688
1300,1.806094877
1301,2.501040572
1302,0.246444683
1303,0.470498586
1304,-0.038844597
1305,0.385115224
1306,1.484229534
1307,0.565032336
1308,0.096390444
1309,-0.169964376
1310,-0.621668
1311,0.248696485
1312,0.101920562
1313,-0.298714644
1314,1.672717891
1315,1.147988218
1316,1.798456029
1317,1.259854125
1318,1.710563896
1319,1.019162039
1320,1.071495129
1321,0.797662242
1322,1.584533803
1323,-1.139260928
1324,-1.110023075
1325,-0.391631948
1326,-0.12654291
1327,-0.631876425
1328,-0.490391227
1329,-1.035504343
1330,0.506170829
1331,0.880316404
1332,0.915175998
1333,-0.022579299
1334,3.869364076
1335,5.295173864
1336,3.965720764
1337,4.739943903
1338,2.734040381
1339,3.39746716
1340,3.77239464
1341,3.231359753
1342,1.188969054
1343,0.807684041
1344,1.309957696
1345,2.74395229
1346,0.674539438
1347,1.585292468
1348,0.758937688
1349,1.620925243
1350,-0.875012359
1351,-2.22983011
1352,-2.285216972
1353,-0.581683527
1354,-1.103002734
1355,-2.341397855
1356,-0.239044645
1357,0.270982548
1358,-1.410877173
1359,-0.826340347
1360,0.165194166
1361,0.293898766
1362,0.87700487
1363,1.01214818
1364,0.93417352
1365,0.141673419
1366,0.272311074
1367,1.782006211
1368,3.844002347
1369,2.043026999
1370,0.558164378
1371,-1.374679263
1372,-0.752601355
1373,0.042533304
1374,-1.717096577
1375,-0.662847344
1376,0.472888353
1377,-0.564863187
1378,-0.902878786
1379,-0.417945718
1380,1.014987493
1381,1.596276772
1382,0.600238046
1383,1.736697176
1384,3.046854033
1385,2.740871049
1386,2.73715906
1387,4.612055519
1388,4.495931346
1389,3.162514846
1390,1.023220801
1391,-2.111519199
1392,1.547114014
1393,0.451495113
1394,0.796293708
1395,1.520523872
1396,0.568777266
1397,-0.76987665
1398,-1.99298063
1399,-0.727304922
1400,0.030732446
1401,-0.900671442
1402,-2.230977909
1403,-2.614894388
1404,-2.758573637
1405,-2.169717058
1406,-2.521858298
1407,-2.885836999
1408,-0.032538521
1409,2.038538444
1410,1.724997413
1411,1.782048352
1412,1.715991475
1413,0.26312015
1414,-0.465287741
1415,-0.402419997
1416,0.842080308
1417,2.505933465
1418,1.024494829
1419,-0.908575522
1420,-1.654862655
1421,-0.528163998
1422,-1.281737469
1423,0.594139128
1424,0.366787454
1425,-0.163654002
1426,-1.790105114
1427,-1.426667676
1428,-0.264917112
1429,-0.686977964
1430,-0.452212526
1431,-2.77835425
1432,-2.839916158
1433,-2.596119098
1434,-2.813517017
1435,-1.108919621
1436,-0.814165693
1437,0.176028735
1438,2.531293369
1439,2.970779642
1440,2.446675834
1441,2.075138556
1442,2.45255356
1443,1.891434
1444,0.782655285
1445,0.344654137
1446,-1.085889187
1447,-0.776733643
1448,0.132242485
1449,-0.645750283
1450,0.146857804
1451,2.264521975
1452,2.867401923
1453,3.249432502
1454,1.948564271
1455,2.923799744
1456,1.472249446
1457,1.346391912
1458,1.897091531
1459,2.939228773
1460,2.31432591
1461,2.492738004
1462,1.46814363
1463,0.842099847
1464,0.507617604
1465,-1.397033985
1466,-0.534362451
1467,0.037972976
1468,0.484531859
1469,-1.758235187
1470,-2.346149192
1471,-2.39259363
1472,-2.985445452
1473,-1.185447901
1474,0.183782084
1475,-4.008781482
1476,-3.578812546
1477,-2.800693886
1478,-3.544309725
1479,-2.961769596
1480,-1.927016964
1481,-1.233119435
1482,-0.784812581
1483,-0.8287731
1484,0.320169795
1485,-0.58806132
1486,-0.520479465
1487,-1.856321362
1488,-0.864732201
1489,-2.425874207
1490,-5.568851737
1491,-6.360457608
1492,-3.65165656
1493,-5.295141653
1494,-1.841685739
1495,1.405317022
1496,1.899701026
1497,1.240128358
1498,1.561316919
1499,1.379422685
1500,0.60099577
1501,2.166780386
1502,1.510097635
1503,0.618100125
1504,0.456387248
1505,-0.281174933
1506,-0.932928521
1507,-0.568454864
1508,0.294048915
1509,0.417034365
1510,2.137822564
1511,3.685454456
1512,3.743071781
1513,1.311530215
1514,1.168589588
1515,0.513900923
1516,-0.240698246
1517,-0.210698351
1518,-0.208169474
1519,-0.785671024
1520,0.125706089
1521,0.917795856
1522,0.250228665
1523,1.81907822
1524,-0.399898034
1525,-0.394553927
1526,-0.877280468
1527,-1.197567705
1528,-2.802367835
1529,-1.287410546
1530,-2.784390659
1531,-2.221164075
1532,-2.228820448
1533,-1.002262461
1534,0.738413987
1535,3.439501603
1536,1.700172925
1537,-0.230126949
1538,0.655430068
1539,1.261061284
1540,0.727174062
1541,0.092686664
1542,-0.17579912
1543,-1.350094526
1544,-1.147749011
1545,-1.73898247
1546,-3.387386982
1547,-2.394254669
1548,-1.937489923
1549,-1.032747499
1550,-0.87682595
1551,-0.489851749
1552,-1.04268703
1553,0.046724971
1554,0.057073096
1555,0.896338006
1556,1.417011872
1557,-0.434110521
1558,2.669450018
1559,2.061629569
1560,1.234234444
1561,3.099735907
1562,0.317722077
1563,-1.097292787
1564,-2.158976256
1565,-1.395450649
1566,-2.839422744
1567,-2.955441438
1568,-5.399942109
1569,-7.368773687
1570,-9.940746308
1571,-5.050779602
1572,-3.919240358
1573,-2.0233505
1574,0.22161225
1575,-0.013316352
1576,-0.550324065
1577,0.696539325
1578,-0.58315559
1579,-0.006512101
1580,1.437026376
1581,1.412726003
1582,2.223837565
1583,-0.218028083
1584,0.534084064
1585,0.569386514
1586,0.732082945
1587,1.333069745
1588,0.431590399
1589,-0.323420968
1590,-0.290540147
1591,-0.495965224
1592,-0.721087328
1593,-0.929320431
1594,-2.294435198
1595,-0.210694073
1596,3.223443319
1597,4.346269393
1598,2.262029975
1599,2.003858634
1600,-1.32230782
1601,-2.666111315
1602,-2.151324672
1603,-2.423776317
1604,-2.927578843
1605,-4.423943556
1606,-2.77487347
1607,-3.979774285
1608,-4.030366921
1609,-3.398075059
1610,-1.118173011
1611,-1.511579059
1612,-0.843069626
1613,-1.875902391
1614,-0.290728959
1615,-1.838392997
1616,-3.101188194
1617,-1.4448899
1618,0.665441219
1619,-0.526316653
1620,0.326033315
1621,2.824650024
1622,0.669702313
1623,-0.050726002
1624,-0.407929374
1625,-0.490356913
1626,1.645247118
1627,1.246473861
1628,1.312798886
1629,1.711363592
1630,-0.298787649
1631,1.077714657
1632,0.712031572
1633,0.086046512
1634,0.170707126
1635,-1.119568691
1636,-0.084647899
1637,-0.836035478
1638,-1.95749993
1639,-2.30872393
1640,-3.862158752
1641,-7.906075225
1642,-5.965031661
1643,-4.1460605
1644,-3.712840055
1645,-3.587674289
1646,-2.953486678
1647,-1.840985132
1648,-0.152978337
1649,0.942510045
1650,0.619035596
1651,0.288889137
1652,0.522983729
1653,0.402893788
1654,0.919555808
1655,-0.417543389
1656,-1.459570115
1657,-1.191491158
1658,-4.6435765
1659,-2.538886435
1660,-3.20621999
1661,-4.570089934
1662,-3.412131357
1663,-2.911235811
1664,-1.894449923
1665,-0.972369932
1666,-1.322700475
1667,-2.306463897
1668,-0.068619873
1669,-2.504699831
1670,-3.307115276
1671,-4.404261675
1672,-1.166493285
1673,-3.529556797
1674,-2.947953365
1675,-1.314115104
1676,0.344534265
1677,-1.127001161
1678,-1.755783115
1679,-1.073362258
1680,-2.267912781
1681,-1.249209417
1682,-0.60903482
1683,1.151118453
1684,1.633828423
1685,1.412950458
1686,1.266464286
1687,-0.168865428
1688,-1.174914377
1689,-3.314269726
1690,-2.348946364
1691,-2.135823682
1692,-2.566412586
1693,-3.697043496
1694,-1.922251757
1695,-2.221852474
1696,-3.275864051
1697,-0.880110028
1698,-2.420596343
1699,0.972311257
1700,0.189125956
1701,0.019871506
1702,-0.650761233
1703,-0.928892166
1704,-0.288415213
1705,-0.550927293
1706,0.607173201
1707,0.870360739
1708,0.352804785
1709,0.95191204
1710,1.363073783
1711,0.545045387
1712,0.334945365
1713,0.053205635
1714,0.585261565
1715,0.138882854
1716,-1.042355879
1717,-1.756797446
1718,-3.50333943
1719,-3.892883871
1720,-2.58481964
1721,-2.562609145
1722,-2.598165284
1723,-1.520853564
1724,-1.156124119
1725,0.040555873
1726,-2.203046283
1727,-4.473173468
1728,0.182479338
1729,1.186512074
1730,1.724511484
1731,0.959574932
1732,0.574626377
1733,1.537515247
1734,1.323266283
1735,0.413039258
1736,2.501442044
1737,3.597483041
1738,2.775690126
1739,2.05236403
1740,0.537554918
1741,0.129446597
1742,-0.135886758
1743,-0.959018994
1744,-1.211550653
1745,-1.719305473
1746,-3.348247725
1747,1.141111389
1748,-1.59442797
1749,0.094078023
1750,0.849301662
1751,1.754265565
1752,1.32822685
1753,0.408609246
1754,-0.544532082
1755,-0.630806879
1756,-0.900663997
1757,-1.308523452
1758,-1.103317162
1759,-1.050145645
1760,-3.503495883
1761,-3.980749214
1762,-3.629295971
1763,-2.818148692
1764,-0.544923139
1765,2.802059276
1766,7.502237864
1767,9.518506498
1768,1.032119734
1769,-6.985850597
1770,-3.816664136
1771,-3.336201006
1772,-0.913485258
1773,1.618956262
1774,2.175831288
1775,1.694471378
1776,2.789469471
1777,-0.18244035
1778,0.42863654
1779,1.014461859
1780,1.019504972
1781,1.200615395
1782,0.993756946
1783,1.729105708
1784,2.438745793
1785,2.713883227
1786,2.819798478
1787,2.179341128
1788,2.274268123
1789,1.581388526
1790,0.071866909
1791,-0.683748482
1792,0.985094332
1793,-0.102868973
1794,0.056064334
1795,0.174702715
1796,-1.10819333
1797,1.678156898
1798,0.548433186
1799,0.020282175
1800,1.408097107
1801,4.333379725
1802,3.376510818
1803,3.134091896
1804,3.277620484
1805,1.970273499
1806,2.929721324
1807,-0.397983197
1808,3.028979337
1809,3.506038068
1810,3.174056649
1811,1.578467526
1812,1.518856351
1813,2.19269706
1814,0.07932292
1815,1.897042394
1816,1.278096512
1817,-1.406120578
1818,-0.320663429
1819,-0.338805804
1820,0.203723993
1821,-1.357611828
1822,-0.484059489
1823,0.30358891
1824,2.446617726
1825,1.120766398
1826,1.435862879
1827,1.340924331
1828,2.442544254
1829,1.695218121
1830,0.869041691
1831,0.178105522
1832,0.703986918
1833,1.283932269
1834,0.189640125
1835,0.464033958
1836,1.329632855
1837,0.576044072
1838,2.979929212
1839,0.849578863
1840,2.753654868
1841,2.783859136
1842,0.234209127
1843,2.061375772
1844,1.07442614
1845,-1.40848247
1846,-1.642853094
1847,-3.020735728
1848,-1.46157776
1849,-0.599593881
1850,0.089545042
1851,-0.229061845
1852,0.226353598
1853,0.023800556
1854,1.12408252
1855,0.330782333
1856,0.642210228
1857,-0.175538146
1858,0.861137045
1859,0.060106471
1860,-0.321820598
1861,0.408717917
1862,-0.15820114
1863,-0.582697309
1864,-1.481007237
1865,-1.27099978
1866,-0.41149341
1867,-0.313510729
1868,-0.3494376
1869,0.668483636
1870,1.07205734
1871,-0.612708414
1872,0.163901756
1873,-1.681678716
1874,-0.925048221
1875,-0.594479273
1876,-0.058605608
1877,1.14352939
1878,1.177463952
1879,1.501408993
1880,0.963237492
1881,-0.073483562
1882,1.414734095
1883,1.876574487
1884,1.247374297
1885,2.964643229
1886,1.965144797
1887,1.620226214
1888,1.211196514
1889,0.041909703
1890,0.238535072
1891,1.089148133
1892,1.676700347
1893,1.641613161
1894,0.415143302
1895,0.970503559
1896,-0.494585539
1897,-0.446592749
1898,-0.553333643
1899,0.315516717
1900,-0.127629017
1901,-0.716617314
1902,0.422714485
1903,-0.76068903
1904,0.170492273
1905,0.039038497
1906,-0.057623383
1907,-0.871374937
1908,-0.441298632
1909,-0.67288623
1910,-1.510585817
1911,-0.184702502
1912,0.272260839
1913,0.930258728
1914,-0.535358948
1915,1.523656094
1916,0.511729265
1917,0.525581423
1918,-1.788337931
1919,-0.545775305
1920,-1.148533867
1921,-1.119038677
1922,-0.121384272
1923,1.44725905
1924,0.217590336
1925,0.479894836
1926,0.918710916
1927,2.093858687
1928,0.833967912
1929,-0.229010167
1930,-1.375585133
1931,-1.701745837
1932,-0.595038389
1933,1.82161883
1934,2.07213869
1935,2.60026421
1936,1.895347141
1937,2.098195994
1938,2.639604704
1939,2.817956533
1940,0.719691325
1941,1.45927059
1942,2.086056944
1943,0.687638499
1944,1.266766738
1945,1.950193652
1946,1.25739334
1947,-0.405460237
1948,-0.92500952
1949,-0.452395634
1950,0.587990065
1951,0.361161211
1952,0.765266268
1953,0.077381687
1954,-0.879166767
1955,-0.145230986
1956,-0.773964766
1957,0.585322254
1958,1.583942624
1959,2.544287525
1960,0.823447974
1961,-3.142499862
1962,-6.177664214
1963,0.43921771
1964,-7.182046144
1965,-6.621445755
1966,-6.565665919
1967,-5.605435735
1968,-6.62451384
1969,-7.236636705
1970,-7.462719744
1971,-5.017039606
1972,-1.512037229
1973,-2.728863222
1974,-2.727006137
1975,-1.481205197
1976,-1.420473261
1977,-0.79676506
1978,0.578303962
1979,0.553306736
1980,1.958754377
1981,2.874405762
1982,1.28280696
1983,1.977448137
1984,2.483638989
1985,1.76810191
1986,3.261273147
1987,0.79638034
1988,3.463739017
1989,2.096742598
1990,-0.257330274
1991,-1.699110061
1992,-2.755910313
1993,-2.367946252
1994,-3.687903209
1995,-3.211733052
1996,-2.575075294
1997,-3.185935114
1998,-2.294894994
1999,0.403483424
2000,2.185185092
2001,-0.72612048
2002,-5.202560017
2003,-6.651478418
2004,-5.269511647
2005,-4.892107933
2006,-5.624706306
2007,-4.683376819
2008,-4.96269027
2009,-3.703649751
2010,-2.679240246
2011,-0.882862822
2012,-1.241258783
2013,0.074821381
2014,1.515969806
2015,-1.101621819
2016,1.625917266
2017,2.476384492
2018,2.285070723
2019,2.064375924
2020,4.120165401
2021,0.032143874
2022,1.533123442
2023,0.171973683
2024,-2.177052553
2025,-5.114012504
2026,-7.210110173
2027,-6.023989152
2028,-4.945468979
2029,-5.215726918
2030,-5.262146145
2031,-3.322888738
2032,-3.463166381
2033,-3.212569092
2034,-2.662747073
2035,-1.017182658
2036,0.115006415
2037,-0.622019879
2038,0.422166522
2039,-0.941789526
2040,-1.27516538
2041,-0.749848986
2042,-0.902239619
2043,0.335990782
2044,1.14073512
2045,1.176572991
2046,1.995033151
2047,1.318352068
2048,1.820750671
2049,0.832994799
2050,2.54023971
2051,1.579730742
2052,0.885068749
2053,3.03784778
2054,1.54757507
2055,2.279886465
2056,0.086847854
2057,0.735403984
2058,0.826057641
2059,1.49401814
2060,1.185222427
2061,1.066943548
2062,1.285310762
2063,0.786290172
2064,0.722720362
2065,0.942825528
2066,3.444962997
2067,-0.469211634
2068,-0.609223342
2069,0.540395995
2070,1.469349009
2071,0.275504023
2072,-0.168519137
2073,-0.438979343
2074,2.105375187
2075,-0.19721205
2076,0.541713715
2077,1.828760881
2078,0.244474341
2079,-1.820045119
2080,1.790249128
2081,-3.622866571
2082,2.033086928
2083,1.325001918
2084,1.981451077
2085,1.800369168
2086,0.177646669
2087,-0.04379387
2088,-1.005991126
2089,-0.137053182
2090,-0.816142
2091,2.692764564
2092,4.019439307
2093,3.856720994
2094,4.040694641
2095,0.657904424
2096,-1.875462199
2097,-2.23476972
2098,-1.89234902
2099,-2.729198405
2100,-3.011800716
2101,-1.007994178
2102,-1.065737267
2103,-1.694491175
2104,0.401432975
2105,1.850067709
2106,0.835345083
2107,0.869779178
2108,0.740946269
2109,0.816190162
2110,-0.617974063
2111,-1.65941114
2112,-0.636953094
2113,-0.523057018
2114,0.516480004
2115,0.073252919
2116,1.69560393
2117,4.487043094
2118,5.531818442
2119,3.93810782
2120,4.117310542
2121,4.984713837
2122,5.220768803
2123,3.88945603
2124,3.057199201
2125,2.808631192
2126,3.311542489
2127,2.86823496
2128,2.969686122
2129,3.293910699
2130,3.006570489
2131,2.932970787
2132,3.737764181
2133,3.257613353
2134,3.829749547
2135,1.497845974
2136,-0.934616829
2137,2.286567529
2138,3.927682087
2139,2.590376745
2140,2.794734267
2141,1.071720876
2142,-1.618607908
2143,-0.412176751
2144,-1.043069793
2145,1.005770053
2146,-0.309900766
2147,-1.262463344
2148,-1.582303844
2149,0.160417142
2150,0.108460197
2151,-0.93170952
2152,-1.122461319
2153,0.110267679
2154,1.069776331
2155,1.710699938
2156,-1.822091476
2157,3.26406939
2158,-1.623956648
2159,-4.477808691
2160,-7.522068907
2161,-7.836110791
2162,-4.545631376
2163,-2.100713094
2164,-1.465860834
2165,0.751571728
2166,1.707609326
2167,2.572722736
2168,1.093023044
2169,1.331458636
2170,2.412247447
2171,1.221296417
2172,1.533872415
2173,1.43087657
2174,0.645389034
2175,1.83935105
2176,2.434226211
2177,1.584077804
2178,0.62406418
2179,-0.970427261
2180,0.19111608
2181,0.432327006
2182,-0.258876238
2183,0.244214855
2184,0.555530777
2185,0.839968761
2186,1.040301883
2187,0.003827985
2188,0.305238379
2189,-0.642701897
2190,-0.425689027
2191,1.16843945
2192,0.772825743
2193,-1.39591305
2194,-1.687905506
2195,-0.578044322
2196,-0.262367246
2197,-0.23141286
2198,0.114700061
2199,0.697510427
2200,1.785811762
2201,1.028192125
2202,-0.238652386
2203,-0.744707689
2204,-0.576997581
2205,1.202328371
2206,1.26928507
2207,0.592333535
2208,1.538617698
2209,1.334337027
2210,1.637419486
2211,1.781644839
2212,1.41123936
2213,1.979945318
2214,1.657136674
2215,1.891071911
2216,0.462847059
2217,-0.540160756
2218,-0.579473753
2219,-1.347307258
2220,-1.924176479
2221,-2.809681504
2222,-2.496581625
2223,-2.170296207
2224,-2.618662742
2225,-1.137031498
2226,0.519089027
2227,-0.277314704
2228,-1.606028055
2229,-2.982061973
2230,-2.491529118
2231,-0.820463895
2232,1.071048445
2233,2.918081691
2234,7.713246534
2235,1.96775169
2236,2.179028267
2237,0.998876781
2238,0.046055818
2239,2.634746376
2240,0.155908621
2241,0.225689025
2242,0.37693215
2243,1.364049074
2244,-1.781963607
2245,-0.011298282
2246,-2.260194106
2247,-2.478215766
2248,-2.896337445
2249,-2.66010549
2250,-3.365144912
2251,0.513396504
2252,-1.529758922
2253,2.460647784
2254,-0.641416448
2255,-4.30019948
2256,-1.899261746
2257,-3.174332253
2258,-1.96293362
2259,0.174511303
2260,1.396919441
2261,1.597433385
2262,0.054638847
2263,1.247663165
2264,-0.206369298
2265,-2.603759289
2266,-1.893847096
2267,-3.893695698
2268,-5.311571858
2269,0.231062355
2270,0.059234928
2271,-1.499584599
2272,2.043218208
2273,-1.055120066
2274,-0.944966101
2275,1.746304587
2276,1.267095629
2277,0.693722504
2278,1.489063088
2279,-0.011527465
2280,-1.918130854
2281,-1.197671569
2282,0.388434096
2283,0.573922912
2284,1.521535387
2285,1.28906142
2286,0.604187168
2287,0.224698143
2288,-0.366387093
2289,-1.488917822
2290,-1.149543633
2291,-0.525282794
2292,-1.539937005
2293,-1.121142157
2294,-0.824986109
2295,-0.397801318
2296,0.96035783
2297,1.572002267
2298,0.90264064
2299,1.832406942
2300,3.274788025
2301,0.469253001
2302,0.200558961
2303,-0.104741017
2304,-1.349502842
2305,0.126972846
2306,-1.237645632
2307,-1.457238102
2308,-0.900470142
2309,-0.959548154
2310,0.081435658
2311,-2.321653163
2312,-1.450687285
2313,-1.895096817
2314,-3.179913185
2315,-2.002868346
2316,-0.308539295
2317,0.139014611
2318,-0.780158519
2319,-0.217965002
2320,0.348808302
2321,0.057036076
2322,0.480986833
2323,-1.695631556
2324,-1.253062237
2325,-0.705422312
2326,-0.570891634
2327,-0.689418361
2328,-0.848415052
2329,-0.452391835
2330,-1.676771173
2331,-2.367320762
2332,-3.798878255
2333,-5.093636639
2334,-1.046899947
2335,-2.021358734
2336,-1.912629777
2337,-1.013353936
2338,-1.381887523
2339,-1.106115252
2340,-1.548684239
2341,-2.086798431
2342,-1.63627144
2343,-1.45401923
2344,0.093608012
2345,1.058291898
2346,-1.149904392
2347,-3.686665473
2348,0.84888368
2349,3.427219517
2350,5.118277923
2351,4.453631151
2352,2.680779317
2353,4.429847239
2354,2.964208157
2355,3.873081613
2356,5.948638314
2357,3.118529076
2358,1.881681183
2359,1.250996203
2360,0.354942615
2361,-1.310699896
2362,-1.646179956
2363,-0.669870213
2364,-1.194277866
2365,-1.23317377
2366,-0.270800135
2367,-1.152478892
2368,-2.388073713
2369,-3.559659832
2370,-1.976820925
2371,-1.576173274
2372,-2.289727669
2373,-3.360179898
2374,-2.68639917
2375,-1.440537835
2376,-2.746512374
2377,-2.663753929
2378,-3.93043603
2379,-1.957218617
2380,-2.510081767
2381,-0.598479416
2382,1.892286621
2383,2.743484898
2384,2.139297268
2385,0.075277353
2386,2.784144039
2387,0.823533807
2388,1.07881303
2389,1.335653232
2390,1.735340336
2391,-0.008998087
2392,0.074269546
2393,-0.061328376
2394,1.571725167
2395,2.111100373
2396,1.356528212
2397,0.846587719
2398,1.608191822
2399,3.36040074
2400,-0.529479464
2401,-1.911025668
2402,-0.652829246
2403,-1.49213562
2404,-0.886416518
2405,-1.127456817
2406,-1.939604455
2407,-1.8521214
2408,-1.880724917
2409,-1.224944525
2410,-0.479091432
2411,-0.705352613
2412,-1.939042174
2413,-1.858436306
2414,-2.559251331
2415,-1.943412693
2416,-1.614160945
2417,-1.506900395
2418,-0.029709051
2419,-0.121394595
2420,-0.686202467
2421,-1.260362492
2422,1.248918503
2423,4.198377369
2424,2.806085895
2425,2.913600164
2426,0.969311237
2427,1.665743918
2428,0.597013383
2429,-0.222631991
2430,-0.645608855
2431,-0.546205472
2432,-1.176910788
2433,-0.576525175
2434,-2.431966762
2435,-0.96132898
2436,-0.967744528
2437,-0.275123937
2438,-0.763943231
2439,-1.267275282
2440,-2.109363685
2441,0.198073818
2442,0.276632631
2443,1.701608983
2444,0.654984666
2445,1.467555143
2446,-1.158008304
2447,1.77772629
2448,2.92692631
2449,-0.294428643
2450,-3.994075752
2451,-1.615191127
2452,-2.355913202
2453,-1.287879995
2454,1.988347113
2455,2.350443751
2456,2.693722866
2457,0.2433589
2458,0.5619042
2459,-0.9319017
2460,-1.233988984
2461,-0.410897008
2462,-1.052897719
2463,-0.279858299
2464,-0.804943527
2465,0.857161676
2466,0.482178064
2467,2.06999955
2468,1.67638696
2469,-0.124089729
2470,1.206489089
2471,-0.251086634
2472,-0.017113532
2473,-0.127993749
2474,-0.111281938
2475,-0.299346511
2476,0.394123833
2477,-0.206035222
2478,-1.373882587
2479,-2.757878981
2480,-2.066362601
2481,0.316204456
2482,-3.225082454
2483,3.405616472
2484,8.825660133
2485,6.487966265
2486,3.828704391
2487,1.370430256
2488,1.180349084
2489,2.108515612
2490,0.644041116
2491,-0.733801372
2492,0.91876165
2493,0.63945326
2494,0.833528335
2495,1.438448171
2496,-0.318224588
2497,-1.006435343
2498,-0.920115967
2499,-1.520691547
2500,-0.90374106
2501,-1.601765214
2502,-2.7466057
2503,-1.622745309
2504,-2.574868514
2505,-0.747740281
2506,1.150945903
2507,2.166120811
2508,0.968866457
2509,-1.613141778
2510,-3.180737486
2511,-4.555025459
2512,-5.521669155
2513,-5.324340449
2514,-5.134384241
2515,-5.208391797
2516,-4.050112893
2517,-3.187490754
2518,-1.095313255
2519,-0.598221949
2520,1.307611638
2521,-0.145623035
2522,-0.256372974
2523,0.455405376
2524,2.113622781
2525,0.005606777
2526,2.787092126
2527,3.030772804
2528,1.030491985
2529,1.243977829
2530,0.29782581
2531,0.294208027
2532,-0.257935238
2533,-0.126738104
2534,0.385976679
2535,-0.915427273
2536,-0.582807088
2537,0.077818433
2538,-1.32159522
2539,-3.078347006
2540,-3.002615472
2541,-3.479082246
2542,-3.088656258
2543,-2.881809957
2544,-3.729643441
2545,-2.131997558
2546,-2.210805023
2547,-2.108231649
2548,-1.428009365
2549,-0.410728374
2550,-0.324092363
2551,-1.065034546
2552,-0.274173218
2553,-1.504781234
2554,-0.363299003
2555,0.176592659
2556,-0.214841251
2557,-2.385194573
2558,-1.594893246
2559,-1.760260676
2560,-0.757276253
2561,-0.092087537
2562,-0.563711467
2563,0.065346706
2564,-2.00855878
2565,-0.877702107
2566,-2.368888109
2567,-2.205506708
2568,-1.921245718
2569,-0.810430691
2570,-2.66600453
2571,-3.583419177
2572,-3.415644137
2573,-3.060861314
2574,-3.149332455
2575,-4.741377528
2576,-4.108342084
2577,-2.553970181
2578,-2.511087141
2579,-0.413559054
2580,-1.265760063
2581,-2.737490673
2582,0.441079689
2583,2.165227768
2584,3.690405426
2585,4.652891428
2586,3.434238575
2587,3.274936235
2588,3.909278401
2589,2.822468834
2590,3.310752486
2591,1.050165321
2592,0.857061227
2593,0.887789954
2594,2.488979292
2595,2.403908015
2596,-0.389217061
2597,2.306360336
2598,0.286689954
2599,2.918146743
2600,1.980408666
2601,0.535195873
2602,3.4673587
2603,5.845524264
2604,4.622448203
2605,5.454990548
2606,4.615986921
2607,4.565169346
2608,2.118754492
2609,1.398958611
2610,1.064982495
2611,-0.387140957
2612,-1.4651798
2613,-1.038697573
2614,-0.183092843
2615,-1.275879399
2616,0.576813083
2617,-0.016005587
2618,-0.685103944
2619,-0.611215042
2620,0.046351658
2621,-0.875374302
2622,-2.364028183
2623,-2.737211451
2624,-4.993927924
2625,-5.407304743
2626,-3.590983321
2627,-4.856995635
2628,-6.300743979
2629,-6.358323116
2630,-3.596705585
2631,-2.566642379
2632,-2.287450731
2633,-3.567033178
2634,-4.774466308
2635,-2.763642417
2636,-3.442480113
2637,-2.240420539
2638,1.304281311
2639,0.544378861
2640,-0.229810952
2641,1.504442916
2642,3.71661382
2643,0.82139617
2644,-0.813042667
2645,-1.1315714
2646,-0.134379557
2647,0.831037832
2648,-1.09721994
2649,-1.535253683
2650,-0.787331338
2651,-1.029839221
2652,-1.12184587
2653,0.485226439
2654,-0.912610517
2655,-1.003357122
2656,0.480845297
2657,-0.515602523
2658,-1.780943602
2659,0.722530221
2660,-0.048388599
2661,-0.584215854
2662,-1.311135652
2663,-1.465256171
2664,-3.772511378
2665,-7.079583651
2666,-3.31539967
2667,-5.328608295
2668,-6.977644941
2669,-5.658099825
2670,-4.810058457
2671,-4.347353209
2672,-3.99521577
2673,-3.614331842
2674,-3.516111196
2675,-1.692906823
2676,-1.794024566
2677,-0.315152804
2678,0.957757371
2679,1.80523608
2680,1.730399976
2681,0.744452287
2682,2.987345145
2683,2.18906248
2684,2.47284288
2685,-0.594111021
2686,1.112524319
2687,-0.03809085
2688,-1.254795532
2689,0.119603282
2690,2.186852081
2691,-0.040025374
2692,0.933111165
2693,3.369031752
2694,2.835746538
2695,1.897735914
2696,-0.044841661
2697,-0.797919203
2698,-0.646532267
2699,2.555881618
2700,4.982028149
2701,0.403280147
2702,2.160913618
2703,3.604225711
2704,3.672579718
2705,4.382557357
2706,3.665376113
2707,1.765994216
2708,0.231035483
2709,-0.884968395
2710,0.80349773
2711,2.253549116
2712,2.314121021
2713,1.140275287
2714,0.511869848
2715,1.267040582
2716,1.213352348
2717,-0.18115827
2718,-1.460490645
2719,-0.974166314
2720,0.291603356
2721,1.514054663
2722,3.478639969
2723,1.74809374
2724,-0.671156012
2725,1.09474278
2726,-1.199438061
2727,1.775147343
2728,4.233054138
2729,4.821392118
2730,2.766680908
2731,1.387453347
2732,-0.759339845
2733,0.785453684
2734,2.658406986
2735,2.015116235
2736,1.03263998
2737,0.752923493
2738,1.25990363
2739,1.910632739
2740,1.500961234
2741,3.614031651
2742,4.482468688
2743,3.775751403
2744,2.970217444
2745,2.950308135
2746,0.826810998
2747,-1.978491275
2748,-4.911162151
2749,-0.194530396
2750,-5.711973341
2751,0.854343818
2752,1.759523371
2753,2.69817271
2754,2.033719865
2755,1.908250638
2756,1.651670551
2757,2.835902841
2758,1.718569396
2759,0.247287444
2760,-0.579368202
2761,-0.909121482
2762,-0.250301953
2763,0.992979218
2764,1.625732737
2765,0.746055735
2766,1.44270948
2767,-1.251531341
2768,-2.584240939
2769,-1.418564232
2770,-2.145284686
2771,-2.245274261
2772,-0.518917161
2773,-1.661183533
2774,-0.877424014
2775,0.582500886
2776,0.351044005
2777,0.0712758
2778,-0.298477683
2779,0.340793762
2780,2.234160317
2781,5.086665742
2782,6.836278691
2783,4.993518722
2784,3.242688062
2785,3.160025234
2786,3.552642002
2787,1.953145903
2788,1.142075198
2789,-0.70469068
2790,-1.28932565
2791,-1.978568389
2792,-1.686592659
2793,-2.244763893
2794,-1.605731778
2795,-1.908483257
2796,-1.904205103
2797,-0.557293591
2798,-1.753408528
2799,-2.700139445
2800,-3.367314619
2801,-4.462332735
2802,-4.236995654
2803,-3.283011615
2804,-2.525450619
2805,-0.396149451
2806,-1.360410599
2807,-0.70327936
2808,0.730433675
2809,-1.219442021
2810,-0.276874242
2811,-0.879232207
2812,0.08205463
2813,-0.807979823
2814,-2.736840822
2815,-1.042746042
2816,-1.385700498
2817,-0.787471927
2818,-1.362845109
2819,-0.692617109
2820,0.722546319
2821,3.228462497
2822,-0.135168993
2823,0.791368848
2824,1.142796131
2825,1.974634368
2826,0.539055814
2827,0.21050167
2828,0.48010307
2829,1.242839525
2830,0.525914638
2831,-2.153758924
2832,-3.342132605
2833,-1.063814658
2834,0.26542311
2835,-0.825220862
2836,-1.517806807
2837,-0.733696802
2838,-1.885182041
2839,-0.886769564
2840,-1.552484565
2841,-2.169880855
2842,0.092906671
2843,1.0610045
2844,0.472826724
2845,-0.163222776
2846,-0.11402124
2847,0.517159533
2848,-0.686954876
2849,0.099403315
2850,-0.512145631
2851,-2.595462258
2852,-3.611572093
2853,-1.083205298
2854,-0.789840317
2855,-1.143853341
2856,-2.200216687
2857,-0.582995248
2858,-0.998766612
2859,-0.709800491
2860,0.975854521
2861,1.840895516
2862,2.245369034
2863,-1.111859355
2864,-4.938404167
2865,-2.514799358
2866,-2.627122985
2867,-3.926212023
2868,-1.718695605
2869,-2.598147018
2870,-0.127880015
2871,1.149090368
2872,0.764845649
2873,0.203300304
2874,-1.459675786
2875,-1.174445918
2876,-2.858407266
2877,-0.561460151
2878,-1.566109405
2879,0.199456462
2880,1.96092562
2881,-0.412504067
2882,-2.280317641
2883,-3.248006812
2884,-3.845760529
2885,-2.322084761
2886,-0.905541851
2887,-2.417411933
2888,-2.281520518
2889,-0.901772988
2890,-0.147172458
2891,2.200170939
2892,-1.085122212
2893,1.813465674
2894,-0.191212988
2895,-1.400327127
2896,-0.522893522
2897,-0.986127158
2898,1.650409019
2899,2.39451896
2900,3.311472976
2901,5.784650729
2902,3.447816805
2903,2.041651082
2904,0.530392062
2905,-1.646605123
2906,-2.789825814
2907,-0.773276569
2908,-0.687905459
2909,-0.663597485
2910,-0.067476587
2911,0.741346955
2912,2.088818553
2913,0.754333329
2914,1.16386794
2915,0.606897798
2916,1.419109544
2917,1.981265061
2918,2.165590095
2919,0.769968869
2920,2.089787813
2921,-0.106727218
2922,-2.821813634
2923,0.157948684
2924,0.010567852
2925,0.75721069
2926,1.748502433
2927,0.373207588
2928,0.556564251
2929,-0.340647961
2930,1.39616371
2931,-1.370871404
2932,-5.964599578
2933,-0.631234476
2934,-2.037328357
2935,-1.585520422
2936,-0.536450569
2937,1.320932168
2938,-0.175569239
2939,1.448067458
2940,2.784442793
2941,0.160101114
2942,-2.665094556
2943,-1.464564375
2944,-0.842503209
2945,1.200274438
2946,-0.295760541
2947,-1.137944687
2948,1.209704702
2949,1.864262662
2950,2.611642362
2951,2.063300787
2952,1.356039879
2953,2.105242691
2954,1.31320075
2955,2.754002329
2956,3.486397134
2957,3.850566515
2958,4.52923267
2959,2.853768489
2960,2.608649138
2961,3.448035316
2962,1.296396766
2963,2.036634337
2964,3.562745103
2965,4.669082118
2966,2.13492202
2967,-1.776125669
2968,-1.775344918
2969,-0.071687713
2970,0.372974481
2971,0.20664156
2972,-0.082821797
2973,0.656395081
2974,0.569710799
2975,-0.91691458
2976,1.951293416
2977,-3.477300581
2978,-7.795503147
2979,-11.5254912
2980,-6.141194726
2981,-5.757735191
2982,-3.790368041
2983,-4.502468595
2984,-3.13656562
2985,-5.787387142
2986,-1.421062647
2987,-0.000935398
2988,0.381252276
2989,-0.356428308
2990,-0.389852309
2991,-1.139342815
2992,0.82316982
2993,-1.885120833
2994,-0.124874264
2995,-2.755063859
2996,1.801947804
2997,2.690290623
2998,3.770831641
2999,5.603583973
3000,6.756041555
3001,5.678181922
3002,3.703417282
3003,4.666442142
3004,4.914816569
3005,5.553001718
3006,6.680282698
3007,6.27432963
3008,5.602859155
3009,4.929267519
3010,3.374296915
3011,2.938743639
3012,3.210651927
3013,2.629601763
3014,1.413635895
3015,-0.714073146
3016,0.80096552
3017,0.997890678
3018,1.882147293
3019,2.861935931
3020,3.311685128
3021,5.829585282
3022,3.790279507
3023,1.907991027
3024,1.107747929
3025,1.400961626
3026,-0.524450242
3027,-3.37875793
3028,-3.592749995
3029,-1.680454275
3030,-1.265116032
3031,-2.955240586
3032,-3.594491679
3033,-2.961844487
3034,-2.821924945
3035,-2.231682024
3036,-2.852382104
3037,-2.818233911
3038,-1.549234111
3039,-2.062000491
3040,-2.441734454
3041,-4.713449542
3042,-4.6564536
3043,-2.07742168
3044,-1.86659147
3045,-1.547746719
3046,-0.719735229
3047,-0.199694986
3048,1.836506419
3049,3.759247041
3050,4.815432199
3051,4.025011858
3052,3.87690317
3053,3.243646075
3054,3.290394421
3055,4.204797907
3056,3.388148543
3057,1.95347711
3058,-0.455483416
3059,-3.900641043
3060,-6.960395851
3061,-3.439864599
3062,-1.115111234
3063,-0.037927559
3064,0.502800725
3065,-0.83118541
3066,-1.441983041
3067,-0.82863024
3068,-0.570197052
3069,-0.538909065
3070,-0.668142573
3071,-1.507561479
3072,-1.744391301
3073,-1.050844796
3074,0.819031156
3075,0.729862457
3076,0.432392697
3077,1.368246673
3078,3.987369291
3079,1.995892223
3080,2.863184176
3081,-0.017468623
3082,1.47925056
3083,0.816335553
3084,-0.899988112
3085,0.454245111
3086,2.519934867
3087,1.843977224
3088,0.33305809
3089,0.233340422
3090,-0.465123421
3091,-0.484977407
3092,-0.284993682
3093,-1.176493934
3094,-2.048307959
3095,-0.903967837
3096,-2.694328958
3097,-3.734177273
3098,-4.101941161
3099,-1.623888137
3100,-3.006968092
3101,-1.091912547
3102,-0.56709663
3103,0.726037898
3104,1.34395846
3105,1.711987933
3106,0.125909824
3107,1.517619239
3108,0.108007217
3109,-1.589878489
3110,-1.794778776
3111,-1.882266135
3112,-1.898850865
3113,0.011999804
3114,1.83564865
3115,3.33255191
3116,1.774022409
3117,3.907312942
3118,1.856726095
3119,2.204019744
3120,2.387172481
3121,0.534167507
3122,0.446467407
3123,-1.198461632
3124,-0.977023644
3125,0.456725313
3126,1.65421606
3127,0.356207309
3128,1.753519227
3129,2.139990855
3130,-0.021808087
3131,-1.403051895
3132,0.960193484
3133,0.205692742
3134,0.130773284
3135,0.012152534
3136,0.130612448
3137,-0.36511521
3138,1.287629052
3139,1.57935464
3140,1.627404517
3141,1.219449326
3142,2.379703416
3143,2.533588342
3144,3.446054186
3145,2.732657493
3146,1.654708227
3147,1.985266801
3148,3.094647804
3149,0.820848836
3150,-0.041524333
3151,-0.091514618
3152,-0.098747386
3153,0.713657217
3154,1.218260795
3155,-0.563278039
3156,-1.020561959
3157,-0.410240044
3158,-0.78687222
3159,-0.675048443
3160,0.834186908
3161,-0.942263264
3162,0.330161072
3163,0.158516896
3164,1.766882669
3165,3.25001631
3166,3.419225623
3167,2.296569331
3168,1.224509022
3169,-0.375336747
3170,-0.291526288
3171,-0.27334429
3172,-1.304645694
3173,-1.056634072
3174,-2.687687523
3175,-2.261229849
3176,-1.994744922
3177,-1.179663671
3178,-1.66166428
3179,-2.742272164
3180,-3.011191975
3181,-2.775464287
3182,-2.905123386
3183,-0.204310674
3184,3.951766179
3185,4.70007616
3186,4.09551069
3187,4.379663985
3188,5.987617177
3189,5.646060459
3190,3.45891715
3191,2.723458883
3192,1.463669876
3193,-1.520588775
3194,-0.547498355
3195,-0.282412555
3196,-0.919017076
3197,-2.039032448
3198,-1.340829542
3199,-0.71621735
3200,0.338884485
3201,-0.472438132
3202,0.504394032
3203,-0.604391368
3204,0.738931476
3205,1.146622208
3206,1.360856618
3207,1.009780916
3208,0.597538846
3209,1.160069324
3210,2.475466768
3211,-0.028629956
3212,-0.821050005
3213,-1.36740609
3214,-1.725901998
3215,-1.734553693
3216,-0.991695883
3217,-0.25190888
3218,0.303964134
3219,0.839218059
3220,-0.106372838
3221,1.339560972
3222,-0.002520561
3223,1.876157921
3224,2.092856576
3225,0.106075448
3226,-1.212560211
3227,-3.406843103
3228,-5.771524899
3229,-3.316724496
3230,-3.265531465
3231,-3.772565031
3232,-1.151618147
3233,-0.708144269
3234,-1.036412264
3235,1.053225305
3236,1.899985506
3237,3.143599492
3238,0.938906563
3239,1.108721095
3240,0.295567814
3241,-2.085075413
3242,-1.632629421
3243,-1.046075798
3244,-2.009177495
3245,-2.904192393
3246,-2.71817458
3247,-0.612100528
3248,-2.598038955
3249,0.699534189
3250,-0.884999968
3251,-1.649122588
3252,-0.774522431
3253,-0.155306845
3254,1.661914368
3255,3.871773049
3256,3.137647084
3257,2.70745902
3258,0.181388783
3259,0.975151192
3260,1.664848672
3261,4.211858256
3262,1.326618588
3263,1.190316404
3264,-1.184842356
3265,0.396172518
3266,0.303870448
3267,-0.662183813
3268,1.570378804
3269,0.586018907
3270,-0.012765378
3271,0.978701035
3272,-0.439642227
3273,-0.900904065
3274,-1.140887265
3275,-0.538792508
3276,0.105444641
3277,-0.402888567
3278,-0.634998297
3279,-1.764713127
3280,-4.521742097
3281,-3.274697534
3282,-2.338447736
3283,-2.43480896
3284,-1.173084521
3285,-0.402496288
3286,-1.406320831
3287,-0.866278827
3288,0.213083094
3289,0.024322704
3290,-0.558991454
3291,0.297233797
3292,-1.489128217
3293,-2.413076329
3294,-1.016099241
3295,-2.240707635
3296,-1.345280293
3297,-0.309973336
3298,-1.136372412
3299,1.431614647
3300,1.405121116
3301,0.696135057
3302,1.635245955
3303,2.313620083
3304,0.886717977
3305,2.26896754
3306,4.199805044
3307,5.355749337
3308,3.455939195
3309,3.836553351
3310,3.659257363
3311,1.971828889
3312,1.159980955
3313,-0.544555559
3314,-1.743631448
3315,2.128755262
3316,0.374797947
3317,-0.399663405
3318,0.521535479
3319,0.077235607
3320,0.273513435
3321,-0.377438505
3322,-2.659576956
3323,-0.44547615
3324,-3.503544733
3325,-3.253237207
3326,-2.120543728
3327,-4.520220055
3328,-3.04558353
3329,-2.699969864
3330,-4.81861187
3331,-7.685357723
3332,-6.676082553
3333,-5.539152304
3334,-5.243727201
3335,-5.040522824
3336,-4.167226086
3337,-1.661147374
3338,0.727585617
3339,1.792961693
3340,0.70627171
3341,0.072727265
3342,-0.10528766
3343,0.758229875
3344,-0.426520421
3345,-0.159244537
3346,-0.306768547
3347,0.908987093
3348,0.004811449
3349,-0.802238671
3350,-1.83146988
3351,-0.850068878
3352,-1.088067793
3353,-1.295191544
3354,-0.948523488
3355,-0.813117765
3356,-0.9313692
3357,0.16321475
3358,0.766242564
3359,0.243581486
3360,0.65365109
3361,2.21529147
3362,2.239908401
3363,0.619732001
3364,1.121004191
3365,1.625513777
3366,0.228772898
3367,1.25019825
3368,0.994428463
3369,2.133465185
3370,2.413371988
3371,2.893359844
3372,1.583339156
3373,1.214939518
3374,0.80644057
3375,0.660385964
3376,-0.388065403
3377,-0.028109862
3378,1.096510684
3379,0.164897677
3380,-0.278630272
3381,0.615896371
3382,-0.983428487
3383,-1.77572797
3384,-2.380305811
3385,-1.737792245
3386,-3.037025701
3387,-2.941921548
3388,-1.281546937
3389,-1.484043996
3390,-2.465852791
3391,-2.32519306
3392,-1.984940065
3393,-2.010437028
3394,-3.329008968
3395,-1.750207955
3396,-1.961195262
3397,-2.601600592
3398,-2.382112041
3399,-1.665866882
3400,-1.809610595
3401,-1.488877763
3402,-1.172510643
3403,-1.281903496
3404,0.401858111
3405,1.782898512
3406,0.917358709
3407,1.052254874
3408,1.914553253
3409,-1.096998971
3410,-2.018304872
3411,-1.447372918
3412,-0.002458536
3413,-1.700234412
3414,-0.034744316
3415,-0.364962883
3416,0.601882559
3417,-0.305117866
3418,-1.062744864
3419,-3.090108583
3420,-0.559656072
3421,1.763964028
3422,-0.077387187
3423,-1.466563176
3424,-1.201920269
3425,-1.755895543
3426,-0.428108195
3427,-1.421920503
3428,-0.849804601
3429,-2.024718976
3430,0.310426326
3431,-2.980024782
3432,0.225403584
3433,0.698491657
3434,1.396684037
3435,2.187743524
3436,2.442414651
3437,2.73146755
3438,2.432741085
3439,3.071687457
3440,4.199001415
3441,3.375061206
3442,4.948733482
3443,3.537368121
3444,4.97497086
3445,2.826132453
3446,1.660029771
3447,2.714514401
3448,1.282901653
3449,1.486021566
3450,2.644443262
3451,2.524423472
3452,1.442275639
3453,2.121957413
3454,-1.428735224
3455,-0.768397564
3456,-0.090917613
3457,-1.045229715
3458,-2.273842613
3459,-2.23907608
3460,-1.077453747
3461,-0.366377213
3462,-0.156933319
3463,1.23415079
3464,0.466456506
3465,-0.727977481
3466,-2.149918912
3467,-3.139270879
3468,-1.821853707
3469,-1.367930209
3470,0.228925525
3471,0.412598079
3472,-0.044910457
3473,0.255837071
3474,1.254074017
3475,1.104622498
3476,2.040719374
3477,3.938686659
3478,0.401220749
3479,-0.076135381
3480,0.578862381
3481,1.540507668
3482,1.579548657
3483,1.646560319
3484,1.828861607
3485,0.802882826
3486,1.796451834
3487,2.23969183
3488,0.858874202
3489,-1.092004907
3490,-2.533110161
3491,-2.395131635
3492,-2.15180234
3493,-1.547404512
3494,-0.438365501
3495,0.809102712
3496,1.847450906
3497,-0.976257191
3498,-0.638607061
3499,0.157828618
3500,0.39627657
3501,0.913049008
3502,0.205836153
3503,1.117763487
3504,0.773672697
3505,0.162723714
3506,-1.013635215
3507,0.316703417
3508,0.760554524
3509,1.975540577
3510,2.677682911
3511,1.871310604
3512,2.110543373
3513,1.341742353
3514,2.310200597
3515,0.717550332
3516,0.300730719
3517,-0.103047039
3518,-1.693489829
3519,-1.531317076
3520,0.203661537
3521,1.012578362
3522,-0.860908784
3523,-1.255673391
3524,-1.011873741
3525,0.24624758
3526,1.154629277
3527,0.56727178
3528,0.244152689
3529,2.01217332
3530,1.161637288
3531,0.305023426
3532,1.717681937
3533,2.931109723
3534,0.84129979
3535,-0.842288914
3536,-2.904800492
3537,-0.950745237
3538,0.049992923
3539,2.053734508
3540,0.221386389
3541,1.106045357
3542,2.216605131
3543,1.448190321
3544,1.077381592
3545,0.711662581
3546,0.580828888
3547,1.135022194
3548,0.627546787
3549,-0.947456505
3550,-0.798689626
3551,-0.249131992
3552,-0.110312761
3553,-0.524307914
3554,-1.605221315
3555,-1.706456171
3556,-2.122222259
3557,-0.688227665
3558,-1.9960444
3559,3.675304788
3560,11.67707161
3561,5.321203593
3562,3.036391716
3563,3.278369356
3564,3.79891696
3565,4.440855279
3566,3.828540027
3567,3.155271282
3568,2.985347134
3569,2.176456145
3570,1.651004336
3571,0.043365154
3572,-3.084144583
3573,-2.622666898
3574,-1.289749483
3575,-1.425453284
3576,-0.358761385
3577,-1.395199054
3578,2.494431618
3579,4.789694399
3580,4.56378323
3581,2.839966971
3582,1.625384505
3583,0.541578302
3584,1.536725072
3585,1.260320887
3586,1.343663736
3587,1.052048936
3588,0.120753117
3589,0.836504652
3590,1.032697154
3591,0.441969071
3592,1.649065348
3593,0.760332009
3594,1.343893867
3595,4.432379681
3596,4.887548148
3597,3.802263231
3598,3.493257998
3599,1.63389073
3600,2.064881428
3601,2.012766184
3602,-0.352210867
3603,0.852751848
3604,-0.99885105
3605,-0.374039048
3606,-0.545255691
3607,0.647857266
3608,0.39403492
3609,0.923660679
3610,0.077586875
3611,1.276609938
3612,0.466834993
3613,1.196079761
3614,2.255793408
3615,3.081942449
3616,2.70247086
3617,3.47950155
3618,3.038233959
3619,3.874320733
3620,4.192296892
3621,2.737017591
3622,1.858754727
3623,1.302918212
3624,0.710748316
3625,-1.288449114
3626,-3.737143579
3627,-0.278952711
3628,0.439182875
3629,0.564435066
3630,0.648288476
3631,1.313098658
3632,0.058353886
3633,-1.283539721
3634,-3.004030985
3635,-3.07717587
3636,-3.214165582
3637,-5.035042397
3638,-7.122981869
3639,-6.341755974
3640,-4.838308374
3641,-4.280413006
3642,-5.741225925
3643,-7.38526251
3644,-5.012611306
3645,-4.597186345
3646,-4.524493918
3647,-2.788768483
3648,-0.80839644
3649,-0.709024637
3650,0.787032659
3651,2.473344348
3652,3.492437872
3653,2.719515549
3654,1.484447903
3655,2.214485236
3656,3.638801646
3657,5.667600191
3658,4.563249145
3659,2.185517483
3660,2.865376967
3661,2.859092067
3662,1.503552555
3663,0.467824128
3664,-0.491978395
3665,-1.44685343
3666,-1.887002459
3667,0.49312071
3668,-1.565439083
3669,0.147092946
3670,-0.134566172
3671,-1.511594235
3672,-1.782878338
3673,-0.357731019
3674,0.980129735
3675,-0.892341491
3676,1.52502921
3677,-0.29752396
3678,0.882192159
3679,0.297069411
3680,-0.580206852
3681,-1.704604314
3682,-1.526625975
3683,-1.032045057
3684,-0.075205989
3685,-1.839678823
3686,-1.055730277
3687,-0.287525531
3688,-1.792654607
3689,-1.706034309
3690,-1.800959943
3691,-1.947723937
3692,-1.681890736
3693,-1.449089853
3694,-0.814163678
3695,0.885821679
3696,1.389401131
3697,-0.38406143
3698,0.846853054
3699,1.501365314
3700,2.04631972
3701,1.231699783
3702,2.111221518
3703,1.790605386
3704,2.172773567
3705,2.112007688
3706,1.4021472
3707,0.231540591
3708,-0.004049686
3709,-0.401760599
3710,1.695620482
3711,1.654537461
3712,2.733278862
3713,1.715823499
3714,0.617187097
3715,-0.666454615
3716,-3.762763123
3717,-2.674255355
3718,-0.457869192
3719,-3.031531061
3720,2.255267072
3721,-2.081813891
3722,0.247842179
3723,-2.166834009
3724,-1.991297941
3725,-1.027427233
3726,-1.804506579
3727,-1.62904142
3728,-1.564650339
3729,-1.916848599
3730,-1.054047341
3731,-2.67254347
3732,-2.207525103
3733,-3.155771608
3734,-2.692526566
3735,-0.736604435
3736,-2.197284393
3737,-2.98207964
3738,-4.750069953
3739,-1.665583224
3740,-4.551983491
3741,-6.495468886
3742,-6.664599487
3743,-7.258272363
3744,-6.0407945
3745,-4.990750741
3746,-2.60000313
3747,-1.019708194
3748,-1.093554902
3749,0.07106996
3750,0.735717499
3751,1.014915686
3752,0.684780555
3753,1.354308529
3754,1.51363704
3755,4.680745015
3756,8.090314784
3757,8.148300352
3758,7.230131045
3759,6.793051671
3760,7.336129028
3761,4.218137168
3762,2.823621073
3763,2.328447818
3764,1.589371539
3765,0.913975676
3766,1.522604088
3767,3.37569255
3768,1.464791242
3769,1.782802319
3770,0.386276253
3771,0.860137589
3772,-0.474682923
3773,-2.569084944
3774,-1.902540003
3775,-1.623793506
3776,-1.650157614
3777,-2.449479504
3778,-1.675554342
3779,-3.239501457
3780,-3.695825749
3781,-2.404486434
3782,-1.767836139
3783,-1.63067122
3784,-2.366594003
3785,-1.830020394
3786,-1.019706156
3787,-0.834503991
3788,-1.275014454
3789,-3.533428383
3790,-6.381481751
3791,-4.947443541
3792,-4.460500481
3793,-2.855278804
3794,-1.768214691
3795,-1.49436067
3796,-0.500998014
3797,2.115262381
3798,1.252822826
3799,1.027324899
3800,-0.910979649
3801,-1.737290933
3802,-2.302418599
3803,-3.427247248
3804,-2.436549269
3805,-2.249966673
3806,-2.36103868
3807,-2.841160594
3808,-5.819505359
3809,-2.52863186
3810,-4.851131523
3811,-9.435397521
3812,-12.24268379
3813,-11.65770792
3814,-7.872053491
3815,-6.569740149
3816,-5.109789282
3817,-2.501630711
3818,-2.977243335
3819,-3.386973462
3820,-4.533869839
3821,0.019142902
3822,1.487956813
3823,0.857681938
3824,0.844735876
3825,1.307878308
3826,2.135556968
3827,0.871818925
3828,1.44901315
3829,1.09938134
3830,0.226112047
3831,0.169010917
3832,-1.075133369
3833,-0.534934165
3834,-0.391838361
3835,1.502810625
3836,1.303288148
3837,1.570490907
3838,2.98848677
3839,3.630918787
3840,3.813309519
3841,2.793262078
3842,2.587959077
3843,1.109830036
3844,1.246584226
3845,1.304911598
3846,2.572517059
3847,0.932928126
3848,-1.112235154
3849,3.024615311
3850,6.176927324
3851,5.477229982
3852,2.290150546
3853,4.69567158
3854,4.005689453
3855,2.246621596
3856,3.976866701
3857,4.723149795
3858,4.730951679
3859,4.164679067
3860,3.035779594
3861,0.751627507
3862,-0.475654788
3863,-1.425554673
3864,-0.189135753
3865,1.605019961
3866,1.814729296
3867,-0.416462184
3868,-2.565004892
3869,-4.593251867
3870,0.400437241
3871,-3.165699506
3872,2.56608784
3873,-4.532508527
3874,-9.637041075
3875,-2.607591911
3876,1.827609019
3877,-0.576616652
3878,-2.076638883
3879,0.99066153
3880,-2.139698534
3881,2.684454993
3882,4.266783195
3883,6.145518948
3884,-0.341232715
3885,-0.794720824
3886,0.39772983
3887,-0.098137081
3888,1.412429196
3889,0.559806287
3890,-0.870430091
3891,-2.004367615
3892,-2.968231237
3893,-1.883446765
3894,-1.03653053
3895,-0.670063364
3896,0.055391139
3897,0.428396401
3898,-0.054890869
3899,1.613872797
3900,0.307165384
3901,2.100395778
3902,5.334527902
3903,-2.042131327
3904,-1.357745088
3905,0.055794434
3906,0.585051843
3907,0.889262541
3908,2.312906528
3909,1.601132898
3910,0.431605471
3911,1.591399562
3912,1.936447482
3913,0.942429524
3914,1.050975846
3915,0.831031744
3916,-0.074204703
3917,-1.325412946
3918,-2.678674077
3919,-1.542805128
3920,-0.856252638
3921,-1.554699305
3922,-2.493090763
3923,-1.179809679
3924,-1.274613594
3925,-1.470176371
3926,-0.971941375
3927,-0.758408023
3928,-0.232412533
3929,-2.592464655
3930,-2.791926001
3931,-1.512680528
3932,-1.180176997
3933,-0.480724767
3934,-0.665042346
3935,0.336339983
3936,-0.631905821
3937,-3.033209487
3938,1.419106653
3939,-1.256107477
3940,-1.161178834
3941,-0.339621612
3942,-0.049584647
3943,-2.150458708
3944,0.509815833
3945,-1.892489026
3946,-4.045684246
3947,-4.504715618
3948,-2.608017661
3949,-3.948235611
3950,-4.859819429
3951,-4.296326465
3952,-1.255144615
3953,-0.40347877
3954,-1.917701364
3955,0.265224675
3956,-0.585264523
3957,0.105999445
3958,0.093515686
3959,1.288595569
3960,1.601297982
3961,0.180336182
3962,-1.031470282
3963,-1.220530186
3964,-1.802873012
3965,-0.284922565
3966,-2.918670886
3967,-2.86997237
3968,-1.853879854
3969,-3.515015438
3970,-3.05132022
3971,-2.504254853
3972,-2.276996183
3973,-3.371080486
3974,-2.784199755
3975,-1.819028641
3976,-3.312727646
3977,-0.307351198
3978,-2.847879177
3979,0.744365071
3980,2.360829633
3981,-2.114005653
3982,-7.2103464
3983,-7.720607573
3984,-7.320895971
3985,-5.914743369
3986,-4.153104172
3987,-3.015367041
3988,-1.643101351
3989,-2.669768962
3990,-2.580377022
3991,-2.846867212
3992,-2.988843058
3993,-2.451431474
3994,-1.443545159
3995,-1.297744185
3996,-2.756910141
3997,-3.011436693
3998,-3.191089837
3999,-0.616756198
4000,-0.754386267
4001,0.405435413
4002,2.258751956
4003,3.26509142
4004,2.65181357
4005,2.495711982
4006,2.543233022
4007,1.108452038
4008,-0.513360564
4009,-1.275256372
4010,1.286722597
4011,2.986957125
4012,4.151617652
4013,2.072519996
4014,2.741021918
4015,1.312392289
4016,0.134624551
4017,0.737697873
4018,1.148499317
4019,0.280953968
4020,1.702175084
4021,4.089253842
4022,3.464124128
4023,3.633230023
4024,3.846221921
4025,3.571326804
4026,1.184705265
4027,-0.754887168
4028,-0.900488212
4029,-1.614524248
4030,-2.780585445
4031,-0.325883039
4032,-1.161657331
4033,-0.071120001
4034,3.027813611
4035,2.686827268
4036,3.229903709
4037,3.504277634
4038,2.482688842
4039,2.50155756
4040,2.461615955
4041,0.859077144
4042,-1.690231902
4043,1.67365855
4044,4.953838333
4045,4.272870713
4046,4.216630033
4047,1.857037501
4048,1.848005857
4049,0.938269836
4050,1.476212192
4051,0.185625356
4052,-1.664692618
4053,1.399222748
4054,-3.782110472
4055,2.314946062
4056,-0.875036347
4057,-1.713760922
4058,-2.265974569
4059,-0.934724395
4060,0.070224049
4061,-0.869439114
4062,-1.859440387
4063,-1.483889529
4064,-2.017240804
4065,-1.91923706
4066,-2.202216517
4067,-1.597941993
4068,-1.33887236
4069,-0.37547513
4070,0.897521654
4071,0.35202213
4072,-1.011322178
4073,-2.169361775
4074,1.004657938
4075,-2.227375906
4076,-4.342954737
4077,-3.678939616
4078,-3.241913418
4079,-2.162893381
4080,-2.587359969
4081,-2.402911728
4082,-1.106451481
4083,-1.103405206
4084,1.059201981
4085,-1.825819042
4086,1.609761011
4087,4.351057599
4088,2.968749377
4089,3.827177135
4090,1.61040727
4091,0.027715621
4092,-0.730702097
4093,0.742633586
4094,-0.52851007
4095,2.515372086
4096,1.241689497
4097,-1.024120553
4098,-1.285701553
4099,1.511883753
4100,3.763596348
4101,0.698525183
4102,-3.442292581
4103,-1.163025252
4104,-0.599150391
4105,0.116977183
4106,1.879362042
4107,2.781876394
4108,3.364057339
4109,2.07984593
4110,3.047171003
4111,-0.129858251
4112,0.053518213
4113,-0.559909815
4114,0.153374744
4115,1.11763459
4116,1.031824954
4117,1.004469084
4118,0.812631397
4119,1.847864155
4120,3.277334057
4121,-0.568007168
4122,1.644053949
4123,0.758194267
4124,0.894074465
4125,-1.374506594
4126,-1.476200384
4127,-0.231983066
4128,-0.592620819
4129,-0.151754303
4130,0.511082905
4131,1.593123985
4132,1.076656611
4133,-0.656330966
4134,2.231461792
4135,0.789539892
4136,-1.083090545
4137,-4.875449528
4138,-5.935443328
4139,-3.86732651
4140,-3.11100569
4141,-1.99581623
4142,-1.106791019
4143,-1.252301917
4144,-0.427674981
4145,0.457140283
4146,-0.702949065
4147,-1.64731767
4148,-1.888761491
4149,-0.234149401
4150,-0.47283823
4151,-0.480286079
4152,-1.845345724
4153,-0.59609627
4154,0.415537057
4155,1.342652502
4156,1.91346716
4157,1.312697338
4158,1.450661062
4159,1.273310022
4160,2.135698556
4161,1.352644045
4162,2.149609306
4163,2.009293676
4164,1.690946434
4165,0.712447666
4166,0.114362161
4167,-0.85933889
4168,-0.929255767
4169,-2.015949354
4170,-1.873568813
4171,-1.571621452
4172,-1.028633337
4173,-0.602531344
4174,-1.879859693
4175,-1.228936584
4176,-1.784915839
4177,-0.940181484
4178,-0.398295983
4179,0.195069804
4180,-1.342418446
4181,-0.596041165
4182,-1.984173356
4183,-2.783134356
4184,-3.222366389
4185,-1.722970724
4186,-0.715186048
4187,-2.541116889
4188,-0.54455759
4189,-2.328717792
4190,-1.41433676
4191,-0.753851236
4192,-0.430944313
4193,-0.196271366
4194,0.038762869
4195,-0.280579435
4196,-0.730237166
4197,-1.52433517
4198,-1.943885672
4199,1.256983987
4200,1.246838339
4201,-0.39427911
4202,-0.878515202
4203,0.007169078
4204,-0.260196671
4205,-0.408066999
4206,-0.795940621
4207,0.200374658
4208,-1.258287716
4209,-2.087594563
4210,-2.864006868
4211,-3.306849483
4212,-2.05227127
4213,-1.615076589
4214,-1.352159156
4215,-1.185016839
4216,-0.428201581
4217,1.952270506
4218,-0.282117025
4219,1.585101118
4220,3.803552372
4221,2.767583977
4222,1.316045725
4223,2.500191828
4224,0.764032224
4225,1.8277333
4226,2.053986562
4227,1.723786679
4228,2.180907139
4229,1.590862469
4230,2.479808816
4231,0.946202921
4232,0.742749853
4233,1.239585183
4234,-0.362012703
4235,-0.056517293
4236,0.591727534
4237,1.909415766
4238,3.090353057
4239,2.071497238
4240,3.13443256
4241,1.624366485
4242,1.638213379
4243,0.192281258
4244,-1.197563345
4245,-0.472725713
4246,-0.309600767
4247,0.089432502
4248,-0.394571282
4249,-0.532920698
4250,-0.099170709
4251,-0.893694752
4252,0.71328162
4253,0.518768504
4254,-1.293730696
4255,-0.46342795
4256,-0.023149888
4257,0.43838209
4258,0.299327063
4259,0.128456033
4260,0.119910682
4261,0.84442449
4262,1.318621571
4263,1.257446976
4264,1.213929818
4265,2.292547766
4266,2.459495873
4267,2.051243961
4268,3.99833469
4269,2.605995391
4270,1.269107919
4271,0.545203188
4272,-1.619316048
4273,-0.486529614
4274,1.750012336
4275,1.076440586
4276,1.210331015
4277,2.793614937
4278,0.807275372
4279,-2.373292734
4280,3.008716417
4281,7.925796692
4282,13.01930488
4283,6.728649636
4284,7.506148912
4285,4.410666759
4286,4.120388537
4287,3.329636901
4288,2.693860862
4289,1.682206168
4290,1.304851156
4291,-0.498083819
4292,-0.318834871
4293,0.251432249
4294,0.689198503
4295,-0.440787201
4296,0.250679986
4297,-1.565732463
4298,-1.742920626
4299,-3.383513257
4300,-2.693497664
4301,-3.387633851
4302,-3.821534344
4303,-5.947766202
4304,-5.507224847
4305,-4.979821896
4306,-3.92049754
4307,-1.950974094
4308,-2.360847899
4309,-2.61859604
4310,-3.518323434
4311,-4.525370392
4312,-6.443925708
4313,-2.328537317
4314,-2.901318881
4315,0.463891354
4316,2.696079123
4317,4.054924309
4318,1.857161636
4319,1.438034816
4320,1.425933872
4321,0.986105479
4322,2.636101343
4323,1.449575089
4324,0.868900878
4325,1.875654532
4326,-0.203547808
4327,1.171798838
4328,2.714191314
4329,3.294974549
4330,2.337131387
4331,1.654657365
4332,0.514550857
4333,2.499211703
4334,1.815849408
4335,0.745360694
4336,1.664816836
4337,1.133109567
4338,-0.216481608
4339,0.538411309
4340,0.925179663
4341,0.35981965
4342,-0.500684763
4343,1.68486421
4344,0.39704342
4345,-0.700644404
4346,0.141688036
4347,-0.259054135
4348,-0.912785538
4349,-1.253678399
4350,-0.955969587
4351,0.378624968
4352,0.885971006
4353,-0.559588809
4354,-0.730085265
4355,0.313907415
4356,-0.392380162
4357,-1.803746676
4358,-3.028846128
4359,-3.214139622
4360,-3.027011264
4361,-3.507038359
4362,-1.08451326
4363,0.915801071
4364,0.073227941
4365,-0.22565854
4366,-1.241300194
4367,-1.38095016
4368,-1.498534984
4369,-0.878589023
4370,-2.703620973
4371,-0.354124435
4372,0.284300082
4373,1.030122024
4374,1.178755415
4375,3.534665577
4376,-0.839490118
4377,-2.655553238
4378,-2.46382722
4379,-2.022527552
4380,-1.111554183
4381,-1.333300967
4382,-0.948615112
4383,-0.400420978
4384,1.144491103
4385,0.777538841
4386,-0.173330487
4387,0.349317553
4388,0.653478733
4389,-0.189847407
4390,2.216427919
4391,4.126647135
4392,5.064892881
4393,4.27534704
4394,4.00405728
4395,4.45085792
4396,4.361302111
4397,4.875957985
4398,4.567161717
4399,3.172405863
4400,3.005004887
4401,1.784004954
4402,1.36237419
4403,1.744249464
4404,-1.608148223
4405,-3.77746071
4406,-0.134107866
4407,1.490650509
4408,1.002828843
4409,1.533491223
4410,1.419631139
4411,-0.023157942
4412,0.035282647
4413,-0.841663676
4414,-1.511725633
4415,-0.667662511
4416,0.329984523
4417,-0.26726019
4418,-0.274018699
4419,1.008452742
4420,-0.04920951
4421,-1.302465619
4422,-1.755674114
4423,-3.072287
4424,-2.631573421
4425,-2.282587589
4426,-1.171700354
4427,-2.299236302
4428,-3.948014937
4429,0.745218093
4430,-1.227119904
4431,-0.062801351
4432,0.604893346
4433,3.353810712
4434,-0.29619606
4435,-1.053318342
4436,-1.606229692
4437,-2.249854265
4438,-3.132042346
4439,-1.669584868
4440,-1.091510921
4441,-1.132683009
4442,0.467704588
4443,1.827010144
4444,3.424940805
4445,3.297700826
4446,3.635204275
4447,1.069355967
4448,0.865899232
4449,0.032935068
4450,-0.380467297
4451,0.269915642
4452,-1.878303315
4453,-3.411428444
4454,-4.636013794
4455,-3.458558547
4456,-3.807302773
4457,-2.688729496
4458,-2.754624287
4459,-2.264121736
4460,-2.374245745
4461,-2.112803803
4462,-2.164315447
4463,-3.078469174
4464,-2.94583813
4465,-1.240292036
4466,-1.71993179
4467,-0.233165436
4468,-0.576328681
4469,-0.601985074
4470,-0.139607537
4471,-1.33412936
4472,1.03905993
4473,3.289172471
4474,-2.084877029
4475,-1.720231873
4476,-1.244533309
4477,-0.497555985
4478,-1.502284508
4479,-1.980340301
4480,-0.563528023
4481,-2.662021452
4482,-2.58046611
4483,-1.66213358
4484,-2.561952522
4485,-3.577318655
4486,-2.932807019
4487,-4.314791406
4488,-1.034811925
4489,2.12944296
4490,3.409794598
4491,3.950173765
4492,1.116410871
4493,-0.466315156
4494,0.036953644
4495,0.656146067
4496,0.091558972
4497,-0.199960916
4498,-0.996375099
4499,-0.494836347
4500,-0.296987649
4501,0.721161231
4502,1.343271375
4503,2.384676755
4504,1.445471566
4505,1.328745139
4506,2.282000823
4507,2.016780271
4508,2.001345709
4509,1.795398865
4510,1.316882595
4511,0.995687652
4512,-1.317817777
4513,1.426426759
4514,2.068615553
4515,2.925281739
4516,0.480053765
4517,2.876861912
4518,-0.031525902
4519,0.6620906
4520,0.02747314
4521,-1.401017235
4522,-0.800865083
4523,-2.09335161
4524,-2.012379129
4525,-1.781381795
4526,0.14149235
4527,-0.584828128
4528,-0.7628297
4529,-1.861436932
4530,-1.611043779
4531,-1.471211312
4532,-2.101711507
4533,-1.633426033
4534,-2.438385737
4535,-2.399499252
4536,-1.26828764
4537,0.037271027
4538,0.765336761
4539,0.694874856
4540,0.584044275
4541,1.073539275
4542,1.510660512
4543,-0.459136674
4544,0.380775284
4545,0.010897896
4546,0.067387107
4547,-0.333572116
4548,-0.308247518
4549,-2.14056706
4550,-1.984277318
4551,-0.596853261
4552,0.419729508
4553,-0.934755183
4554,-2.027532649
4555,-2.612159708
4556,-1.617887167
4557,-1.802451519
4558,-2.337777508
4559,-1.099323047
4560,-2.498616287
4561,-1.36940221
4562,-0.149017472
4563,0.384974454
4564,-0.065353308
4565,-1.381964198
4566,-3.23600273
4567,-3.044135907
4568,-3.585741764
4569,-2.666781104
4570,-3.474130774
4571,-1.95238014
4572,-2.392679659
4573,-0.188043859
4574,4.346970743
4575,0.257082268
4576,-2.657340252
4577,-5.365022769
4578,-0.098153865
4579,0.49946433
4580,0.333580936
4581,-0.966156756
4582,-1.42520492
4583,-0.213965164
4584,0.84042651
4585,0.240095291
4586,-0.544277153
4587,-0.707182172
4588,-0.009507712
4589,0.909750652
4590,0.850175961
4591,0.996752667
4592,1.047181367
4593,3.183470871
4594,3.812385281
4595,2.73933894
4596,1.596944845
4597,1.805786999
4598,2.175449017
4599,3.526491442
4600,3.259259485
4601,3.375437648
4602,3.524223098
4603,2.234120653
4604,0.057901081
4605,-1.695501385
4606,-5.337344402
4607,-7.936130787
4608,-10.90904777
4609,-12.56364236
4610,-17.06262163
4611,-11.84398521
4612,-8.846310117
4613,-8.222250621
4614,-3.943902299
4615,-0.456068375
4616,-1.373004875
4617,1.220614189
4618,-0.645096092
4619,2.359436227
4620,2.01814831
4621,2.651836125
4622,4.14838643
4623,2.959682233
4624,0.327739289
4625,0.086655815
4626,-0.743547453
4627,-0.557426656
4628,-0.439451851
4629,-0.996572958
4630,-1.450795552
4631,-0.121896166
4632,-0.239089705
4633,-0.17328192
4634,0.178899657
4635,2.548067541
4636,2.054618513
4637,1.778200477
4638,0.538954304
4639,0.158521011
4640,-0.029301547
4641,-1.141590226
4642,-0.169388292
4643,-0.02304665
4644,0.230563606
4645,2.73681985
4646,-2.700402279
4647,2.252216084
4648,2.511854302
4649,0.645116229
4650,0.51781117
4651,2.724922926
4652,4.392726837
4653,3.139795507
4654,2.329851391
4655,1.695827428
4656,1.12800321
4657,0.80648952
4658,2.150814557
4659,2.294672758
4660,2.184766274
4661,2.346825322
4662,2.22842502
4663,2.641434794
4664,2.557451776
4665,2.753516069
4666,2.111999211
4667,1.828970081
4668,2.389548672
4669,-0.420616177
4670,-0.266184662
4671,-0.375810132
4672,-1.02223734
4673,-3.624870302
4674,1.197324501
4675,0.453787599
4676,-0.054333451
4677,-1.721132904
4678,0.897871639
4679,1.902219299
4680,0.268727317
4681,1.999776663
4682,0.836242899
4683,4.231270872
4684,5.128907871
4685,1.178257411
4686,-3.247539366
4687,-0.270629006
4688,-0.83868011
4689,-1.601020153
4690,1.477706347
4691,-1.362144868
4692,1.503063186
4693,3.197271612
4694,-0.089597129
4695,-3.034507897
4696,-5.930703297
4697,-0.465770897
4698,-0.075159973
4699,-1.14496588
4700,1.182522885
4701,0.719755857
4702,1.163715411
4703,0.721376998
4704,-0.864172005
4705,0.651354234
4706,-1.001949539
4707,-2.82935822
4708,0.183700963
4709,0.462299676
4710,1.630428339
4711,1.190690309
4712,0.595650778
4713,-0.425372261
4714,1.557424085
4715,2.865171548
4716,4.584363886
4717,1.712365298
4718,1.896282792
4719,1.885196798
4720,2.588748311
4721,0.723019053
4722,0.217924445
4723,0.627090986
4724,1.186521455
4725,1.792093884
4726,-1.103831623
4727,-0.916170745
4728,-0.153257291
4729,-0.473727747
4730,-0.539409604
4731,-1.020311868
4732,-0.765247905
4733,-1.24476401
4734,0.06651702
4735,-1.057080725
4736,-1.443860357
4737,-0.858432138
4738,-0.199015607
4739,0.276150812
4740,0.88699517
4741,-0.38401011
4742,2.602626357
4743,-0.172199894
4744,-4.581383219
4745,-5.103651915
4746,-3.454129602
4747,-3.949736302
4748,-0.480660057
4749,-2.477796847
4750,-3.426201884
4751,-3.899567459
4752,-6.244331696
4753,-5.51485291
4754,-4.07668103
4755,-2.552118094
4756,-3.329953395
4757,-1.965468815
4758,-1.122681925
4759,-1.71008993
4760,-0.107361143
4761,0.095339973
4762,0.428461931
4763,0.473221059
4764,1.388325928
4765,0.423883388
4766,-0.56106126
4767,0.719965338
4768,-1.009986772
4769,-1.205312698
4770,-1.861795532
4771,-0.561453642
4772,-1.621600958
4773,-3.478654696
4774,-6.963662443
4775,1.014925347
4776,6.35527099
4777,4.610836407
4778,3.269796331
4779,2.794951702
4780,2.53837448
4781,1.456429838
4782,1.419017508
4783,1.207467272
4784,2.811214628
4785,1.125488187
4786,-0.123726819
4787,1.907128285
4788,-0.850768885
4789,-0.005012244
4790,1.552068073
4791,0.215659139
4792,-0.639411398
4793,-0.555507028
4794,0.057368279
4795,-0.935780008
4796,0.439143784
4797,2.143354785
4798,3.208990229
4799,3.203218293
4800,3.240905766
4801,3.717664516
4802,2.797334129
4803,1.03545352
4804,0.326108007
4805,-0.804435769
4806,-0.912763663
4807,-1.407744547
4808,-1.831156901
4809,-1.631167877
4810,-2.09527508
4811,-2.79543861
4812,-3.611419218
4813,-3.207626622
4814,-1.769638292
4815,-1.970961372
4816,-0.887619501
4817,-2.431586551
4818,-1.013235401
4819,0.800875056
4820,-0.839191803
4821,-3.529642465
4822,-4.299929872
4823,-3.312541054
4824,-3.495903986
4825,-1.088983389
4826,1.026760019
4827,2.103393813
4828,2.643558844
4829,3.172198013
4830,1.653263524
4831,2.445866655
4832,4.727591199
4833,5.635787113
4834,3.271429114
4835,2.651109166
4836,1.0059007
4837,-0.235237885
4838,1.086814702
4839,-0.77890889
4840,-0.757388667
4841,-0.566795684
4842,-0.252226091
4843,-0.207225289
4844,-0.815298367
4845,-0.241862
4846,-1.781713031
4847,-0.904654362
4848,-0.924777232
4849,-1.387039363
4850,-2.91193326
4851,-2.409299629
4852,-2.466613988
4853,-2.976567987
4854,-3.676954935
4855,-2.554660254
4856,-0.342196996
4857,-1.806145192
4858,-1.900953351
4859,-2.218256293
4860,-1.449070323
4861,-1.842392531
4862,-0.467018494
4863,-1.269377875
4864,-0.799393501
4865,-0.809968714
4866,-2.023829886
4867,-1.737783447
4868,-0.795614932
4869,-1.231747356
4870,-1.980248964
4871,-2.744409554
4872,-3.882108684
4873,-2.129358979
4874,-2.513468204
4875,-1.28430648
4876,-0.896755254
4877,0.486312266
4878,-0.588027479
4879,-0.010133975
4880,-0.646505252
4881,-0.349106825
4882,-1.717167824
4883,-2.981941547
4884,-1.810714976
4885,-0.093126937
4886,1.66204437
4887,-0.44366719
4888,-0.545998918
4889,-0.205245194
4890,-0.292029338
4891,0.994242367
4892,0.517680294
4893,1.56073202
4894,0.762947218
4895,3.053874525
4896,0.957428494
4897,2.158912492
4898,1.124695795
4899,2.149117704
4900,2.195517382
4901,2.713837626
4902,2.682662456
4903,0.778249931
4904,0.722840772
4905,0.754309537
4906,1.659310074
4907,0.199113986
4908,0.652625425
4909,0.329682752
4910,0.273563242
4911,2.583572575
4912,2.124963543
4913,0.493486399
4914,0.995099954
4915,0.461767036
4916,-0.487576371
4917,-0.01598804
4918,0.395142442
4919,2.000747444
4920,2.518464966
4921,1.171320775
4922,1.609856203
4923,0.566181347
4924,-1.859090541
4925,1.777275715
4926,0.837396138
4927,1.118409569
4928,1.209231533
4929,-0.164023081
4930,1.939486622
4931,2.491865119
4932,1.944848724
4933,2.784974195
4934,0.744210014
4935,-1.08546052
4936,0.879681552
4937,-0.718039888
4938,-1.074802458
4939,-0.57226907
4940,1.436634984
4941,0.951674658
4942,0.43361872
4943,1.506972723
4944,0.584508776
4945,0.300882151
4946,-0.035133347
4947,-0.568981988
4948,-1.218496527
4949,-2.248790629
4950,-3.992421504
4951,-3.915353359
4952,-1.54109926
4953,-4.619316124
4954,-6.783994665
4955,-8.274586365
4956,-5.5073724
4957,-3.453632787
4958,-2.26201358
4959,-3.445348617
4960,0.4000801
4961,-1.158800232
4962,-3.045378247
4963,0.045321937
4964,0.068025708
4965,1.823687154
4966,2.692818255
4967,2.31958976
4968,1.318006778
4969,1.473700677
4970,1.384676027
4971,0.814748498
4972,0.404116267
4973,0.356616078
4974,0.072969674
4975,-0.790554217
4976,-0.501604165
4977,0.108415196
4978,-0.670114366
4979,0.546641266
4980,0.271538251
4981,-0.40738286
4982,0.086106168
4983,1.700772526
4984,0.612410287
4985,-1.224900309
4986,-1.702840386
4987,0.969047191
4988,-0.11782935
4989,-1.638639119
4990,0.524145363
4991,1.162153755
4992,-0.393080521
4993,-1.301341317
4994,-1.448531374
4995,-0.981272562
4996,-1.688554515
4997,-1.479658178
4998,0.500380698
4999,-0.475682717
5000,-0.561019934
5001,3.199088753
5002,0.434967988
5003,0.738348296
5004,-0.525167177
5005,1.862855238
5006,3.203585037
5007,4.128547478
5008,2.921195192
5009,2.609090916
5010,2.213508639
5011,1.978146189
5012,2.973571689
5013,1.666275777
5014,1.576563586
5015,0.646074778
5016,-0.293035406
5017,-0.753401246
5018,-0.682714985
5019,-0.147279408
5020,3.142853688
5021,5.208204399
5022,2.17031061
5023,2.646677428
5024,0.879209555
5025,0.806920235
5026,0.492593481
5027,-0.512176925
5028,1.765017957
5029,5.073478231
5030,3.015930776
5031,3.677635361
5032,5.633065493
5033,7.735765856
5034,4.486681433
5035,2.288145705
5036,2.329160888
5037,3.459671533
5038,2.763486108
5039,3.148269651
5040,3.515835945
5041,2.683324816
5042,0.781831411
5043,4.516039786
5044,7.946554433
5045,1.869117565
5046,0.875412077
5047,-0.209813774
5048,-1.270864669
5049,-0.915782749
5050,-0.41334849
5051,0.759164196
5052,0.08419677
5053,1.216075154
5054,-0.055294213
5055,-1.280194661
5056,-0.413618393
5057,0.850633881
5058,1.196159474
5059,0.744194945
5060,-0.156678775
5061,-0.606659714
5062,0.675011008
5063,0.553779741
5064,0.357375827
5065,0.469861123
5066,0.787482742
5067,0.934747801
5068,-1.847959502
5069,-1.202520878
5070,-0.554154212
5071,0.308882108
5072,0.548492172
5073,-1.37558793
5074,-1.871361321
5075,-2.611149757
5076,-1.556851963
5077,-1.169559912
5078,-1.479841791
5079,0.337867405
5080,-2.355251467
5081,-3.732683923
5082,-2.528519519
5083,-1.217697908
5084,-0.475500603
5085,-0.993179428
5086,-0.28181838
5087,-0.677625906
5088,1.29860202
5089,1.82955866
5090,1.709796327
5091,3.28891395
5092,-1.497582234
5093,-2.234440505
5094,-1.750384089
5095,-2.634474181
5096,-2.074135191
5097,-1.408425751
5098,-0.074948232
5099,-0.215764565
5100,-0.709782213
5101,-0.693525146
5102,-0.313221311
5103,-2.720132347
5104,-2.802384029
5105,-2.086867014
5106,-1.00671972
5107,-0.891034163
5108,-1.205737541
5109,-2.622143833
5110,-5.824354142
5111,-9.147728652
5112,-7.181780021
5113,-6.878943328
5114,-5.294774532
5115,-5.108672704
5116,-4.071435209
5117,-2.621997188
5118,-2.446888538
5119,-3.317344224
5120,-3.136310339
5121,-0.01035657
5122,2.099062212
5123,3.09255172
5124,3.776459522
5125,3.531500946
5126,3.469900932
5127,5.560219526
5128,5.394124846
5129,2.800831816
5130,0.435790575
5131,2.548561994
5132,2.557012594
5133,3.163526732
5134,4.340751201
5135,1.150044919
5136,0.80206185
5137,0.874260788
5138,0.329791323
5139,2.301056599
5140,-1.186751596
5141,-3.558971761
5142,-1.371212188
5143,0.309925835
5144,-0.506138635
5145,-0.042444112
5146,0.130988603
5147,-0.858727484
5148,-2.053816022
5149,-1.461930202
5150,-1.451401058
5151,-0.98847918
5152,-0.092271697
5153,0.105027094
5154,1.010755854
5155,0.428578146
5156,-2.376554
5157,-4.176260522
5158,-1.682100898
5159,-3.493270968
5160,-1.18710923
5161,-1.068362521
5162,-3.04683917
5163,-0.703830371
5164,0.968605866
5165,1.500962948
5166,-0.823161263
5167,-0.278705402
5168,0.329834837
5169,1.023118329
5170,-0.464171801
5171,0.334237558
5172,0.648365543
5173,1.410234113
5174,-1.626743098
5175,-1.120540081
5176,-1.885271076
5177,-1.416966365
5178,-1.789546036
5179,-2.01794325
5180,-1.245616961
5181,-1.392992536
5182,-1.314044255
5183,-0.913477732
5184,1.22326636
5185,0.91828602
5186,1.875142763
5187,3.506673366
5188,3.76616518
5189,3.987206618
5190,4.952759369
5191,5.131019094
5192,3.196848975
5193,3.55624607
5194,4.425049354
5195,3.68343307
5196,2.698450679
5197,3.348551714
5198,1.649910769
5199,0.937577424
5200,1.480278401
5201,1.611004359
5202,2.165141223
5203,1.011285117
5204,-1.022075281
5205,-2.783864342
5206,-2.574198428
5207,-2.672330637
5208,-2.822979548
5209,-0.524188546
5210,0.705773296
5211,0.838013195
5212,-0.090452305
5213,0.074765878
5214,-0.035291087
5215,-0.21223858
5216,-0.186790254
5217,0.640621492
5218,0.455541701
5219,-0.624267779
5220,1.848605011
5221,1.856188978
5222,-0.530063085
5223,0.284688472
5224,-0.673595798
5225,-0.077050832
5226,-0.602759081
5227,-0.092179567
5228,-1.855418196
5229,0.844778332
5230,0.11091713
5231,0.485471591
5232,-0.526050838
5233,1.264537226
5234,1.189591843
5235,1.737656855
5236,1.068316939
5237,-0.118754881
5238,1.212632067
5239,1.54010086
5240,0.660157758
5241,0.182015532
5242,-0.285735249
5243,-1.866345005
5244,-2.87350724
5245,-2.49532249
5246,-1.297927402
5247,-2.531573335
5248,-3.153137594
5249,-1.903168786
5250,-1.173124063
5251,-0.936394888
5252,0.941312561
5253,1.336619898
5254,2.141624094
5255,0.095759691
5256,-0.454440893
5257,-1.524512728
5258,-0.139332026
5259,1.214171372
5260,1.594807172
5261,0.480757362
5262,0.216912705
5263,-0.100354027
5264,1.646199957
5265,1.8362712
5266,1.032157469
5267,1.050480557
5268,0.355278149
5269,-0.218815245
5270,-0.073712492
5271,-0.430977167
5272,-1.608014508
5273,-4.729641467
5274,-4.105938057
5275,-3.733504578
5276,-3.331804015
5277,-2.260046216
5278,-0.720405443
5279,-1.550786725
5280,-0.035637552
5281,-0.865507353
5282,-1.877672042
5283,-2.04372249
5284,-2.543666136
5285,-1.425816559
5286,-1.445287433
5287,-0.335325246
5288,-0.3839948
5289,0.084374948
5290,-1.713694519
5291,-3.436873834
5292,-2.792314122
5293,-2.130300228
5294,-1.484263827
5295,-1.543890314
5296,-2.11541022
5297,-2.977199937
5298,-1.027532461
5299,-1.32911247
5300,1.10401823
5301,-1.126906703
5302,-0.207288282
5303,0.816719142
5304,1.249810261
5305,0.848643302
5306,1.249930303
5307,1.387866524
5308,1.468590105
5309,0.78237728
5310,0.22318011
5311,-1.803918897
5312,-2.305359707
5313,-1.435991028
5314,-0.727358006
5315,1.126881546
5316,1.709131995
5317,2.458507037
5318,0.796462804
5319,-0.068989174
5320,1.424753257
5321,-0.775882417
5322,2.389848707
5323,2.733956585
5324,2.399308808
5325,2.295710402
5326,1.64168218
5327,0.929756729
5328,0.088625904
5329,0.83124642
5330,1.606597793
5331,1.553019123
5332,0.63609502
5333,0.298938184
5334,2.157740262
5335,-2.056988196
5336,-2.740897708
5337,-0.200621508
5338,-2.090467061
5339,-1.012594021
5340,-2.352827785
5341,-0.013892511
5342,-0.711909168
5343,-0.035648316
5344,-1.252011332
5345,-1.619397054
5346,-1.661633187
5347,-1.127645695
5348,-0.130106526
5349,-0.403782343
5350,0.418008222
5351,2.810850841
5352,2.861168271
5353,2.435903016
5354,0.675091216
5355,-1.25584688
5356,0.030465412
5357,1.087907839
5358,-0.100376853
5359,-0.66855096
5360,0.004444071
5361,-0.43338201
5362,-0.984730547
5363,-0.157449036
5364,-1.713568385
5365,-0.533702854
5366,0.569241921
5367,2.09194112
5368,0.737902782
5369,-1.052363028
5370,1.674957815
5371,0.941215217
5372,0.974567662
5373,0.543446659
5374,-0.785126759
5375,0.246920707
5376,0.525755615
5377,0.024726095
5378,0.679208584
5379,2.169315112
5380,0.071916707
5381,-0.736892141
5382,-0.791969229
5383,-0.155593395
5384,0.748541134
5385,0.165119681
5386,-1.805105332
5387,-4.336820426
5388,-1.136273383
5389,-1.076987458
5390,-1.269565797
5391,-0.564842298
5392,0.337864666
5393,1.754805496
5394,2.377619938
5395,0.96121719
5396,1.793869314
5397,1.28219698
5398,0.73445925
5399,2.745202526
5400,2.213907099
5401,3.253775393
5402,1.786821488
5403,3.352482862
5404,2.977603999
5405,2.023228461
5406,2.293516935
5407,2.793574789
5408,2.400359151
5409,2.212471366
5410,2.767394466
5411,1.225180409
5412,1.118891846
5413,0.479795269
5414,0.227624335
5415,-0.246108521
5416,0.181502084
5417,-1.966666137
5418,-0.497780645
5419,0.139536943
5420,-0.074979634
5421,1.56222652
5422,2.642284244
5423,3.537622423
5424,0.169576515
5425,-1.287885469
5426,-0.842746381
5427,1.049034826
5428,0.293630645
5429,-0.266308994
5430,1.256617789
5431,0.476023285
5432,0.646502614
5433,0.373663051
5434,1.606222004
5435,1.271112602
5436,-0.213153373
5437,-0.591187635
5438,-1.704740354
5439,1.086916229
5440,3.065766393
5441,5.031346549
5442,1.933465562
5443,-0.375348485
5444,-1.742709917
5445,-4.704790231
5446,-6.042001124
5447,-6.453174343
5448,-6.349911761
5449,-5.802166426
5450,-5.469377661
5451,-3.967261029
5452,-2.625209123
5453,-1.280925885
5454,-1.329739241
5455,-1.600111392
5456,-1.241499861
5457,-1.473004096
5458,-1.508839092
5459,-0.840570497
5460,-0.435356073
5461,-0.13682588
5462,-0.492238462
5463,-0.188587586
5464,1.130055683
5465,1.924879662
5466,1.296726455
5467,2.685642354
5468,5.078579677
5469,2.902428764
5470,2.176870248
5471,0.795604965
5472,0.589187087
5473,0.3438863
5474,-1.063195955
5475,0.117791982
5476,0.19216807
5477,0.571900807
5478,-0.345351245
5479,-0.6258663
5480,-2.643704833
5481,-1.44196437
5482,-1.74250812
5483,-1.104258811
5484,-0.316226703
5485,-2.262503924
5486,-3.282738068
5487,-0.987486643
5488,3.182434371
5489,-0.417616221
5490,-1.79923243
5491,-2.102423967
5492,-1.876509685
5493,-1.634247881
5494,-0.743621081
5495,-1.048235654
5496,-1.924096257
5497,-1.995919278
5498,-0.730810377
5499,-0.287638222
5500,-0.789097632
5501,0.89164364
5502,3.489448582
5503,1.034398602
5504,1.674970273
5505,1.237302961
5506,1.509917973
5507,0.645316954
5508,-1.619908667
5509,-1.393294574
5510,-1.197762028
5511,0.039480239
5512,0.285085163
5513,-1.510347508
5514,-2.584560914
5515,-1.187539886
5516,-0.846831906
5517,-0.269396659
5518,0.295355365
5519,1.192320014
5520,1.720267369
5521,2.233219521
5522,1.716740022
5523,0.967020416
5524,1.323916467
5525,0.990412662
5526,-0.842892194
5527,-1.629782711
5528,0.96014824
5529,-1.090092751
5530,-1.940851012
5531,-2.646153877
5532,-3.911001764
5533,-3.148973494
5534,-0.951670201
5535,-2.220646167
5536,2.654713723
5537,-4.419780884
5538,4.63195667
5539,7.999941761
5540,3.216446488
5541,5.648442511
5542,8.419313168
5543,5.486517206
5544,3.239255087
5545,1.931922027
5546,0.045482395
5547,-2.622403407
5548,0.446215989
5549,-0.962954363
5550,1.663441951
5551,2.667491351
5552,2.928570109
5553,2.417021886
5554,2.287848238
5555,1.78358457
5556,1.657789877
5557,2.580353514
5558,2.154138287
5559,1.14546996
5560,-1.314621607
5561,-2.748859345
5562,-4.137121136
5563,-4.218527747
5564,-3.615872255
5565,-2.611345997
5566,-2.009341563
5567,-0.250118852
5568,-1.177463499
5569,-1.314096537
5570,-1.37851034
5571,-2.203423506
5572,-0.789318019
5573,-1.416192126
5574,-1.032263752
5575,-0.579209908
5576,1.136671949
5577,1.234241536
5578,2.208759269
5579,-0.287177246
5580,1.737954782
5581,0.367110269
5582,-0.049853811
5583,-1.279231775
5584,-1.577090315
5585,0.203888483
5586,1.843511497
5587,3.641417083
5588,3.327437949
5589,2.552327931
5590,2.408720755
5591,3.212056533
5592,4.708691105
5593,4.410184468
5594,2.598256987
5595,0.696090308
5596,2.798513172
5597,1.102724455
5598,-0.025346416
5599,-1.05414511
5600,-1.712230965
5601,-1.191834555
5602,1.264890253
5603,-0.761029623
5604,-3.897963062
5605,-0.827833374
5606,-0.672630262
5607,-1.047237552
5608,0.352158882
5609,-1.111087246
5610,-0.463211941
5611,0.835197872
5612,0.969991051
5613,1.348845119
5614,0.431738653
5615,1.908643907
5616,0.85636827
5617,0.306480399
5618,-1.1508603
5619,-0.798004166
5620,-1.18525674
5621,0.633977141
5622,0.619734958
5623,1.300745383
5624,2.099695935
5625,0.598818625
5626,0.961309748
5627,1.015042826
5628,-0.638221788
5629,-1.932746555
5630,-1.728354654
5631,-1.739007838
5632,-0.621607694
5633,-0.171659948
5634,1.237186909
5635,0.712177749
5636,0.653469823
5637,0.647610065
5638,1.59463166
5639,0.083768875
5640,1.669751252
5641,0.424099901
5642,0.642441349
5643,0.777401943
5644,1.191767767
5645,-0.255497586
5646,0.2700289
5647,1.683750424
5648,1.495593078
5649,1.630942122
5650,1.267773186
5651,1.308599063
5652,3.049256459
5653,3.010714824
5654,3.300704836
5655,2.882933628
5656,2.954459586
5657,2.610584482
5658,2.44253206
5659,2.670422734
5660,1.762314981
5661,1.535788849
5662,0.624224904
5663,-0.571915084
5664,-1.892184677
5665,-1.401216417
5666,-1.515221858
5667,-1.042603966
5668,-1.442495658
5669,-0.753023667
5670,-0.75587787
5671,-0.39714466
5672,0.189126995
5673,0.567690118
5674,-0.181181411
5675,0.974328006
5676,1.785282321
5677,-2.255308709
5678,-2.933835769
5679,-1.449348741
5680,-2.174145954
5681,-3.834243232
5682,-5.37391673
5683,-2.43348557
5684,-2.560642869
5685,-1.36874164
5686,-0.242785626
5687,0.058942017
5688,-0.538390944
5689,-1.847769623
5690,0.284215613
5691,2.324234049
5692,-0.384137154
5693,-2.365057204
5694,-0.117340767
5695,0.159379625
5696,-0.179970266
5697,1.37905986
5698,-0.892487728
5699,-4.582851805
5700,-3.196917195
5701,-0.606792409
5702,-1.656395137
5703,0.298523197
5704,0.42135212
5705,1.537932541
5706,1.656596426
5707,1.764190971
5708,2.062470439
5709,2.469864554
5710,0.236391923
5711,-0.66923046
5712,-0.016157212
5713,-2.291035595
5714,-0.04813131
5715,-0.497710819
5716,-0.547624524
5717,0.224178529
5718,1.303542543
5719,1.329423177
5720,1.80523257
5721,0.642915409
5722,-1.738503166
5723,-1.486176911
5724,-1.111415567
5725,-1.23117174
5726,-1.102799585
5727,-1.498847499
5728,-2.351211662
5729,-3.183234386
5730,-2.207419127
5731,-0.896899811
5732,-1.587826403
5733,-2.377167434
5734,-1.130513013
5735,-2.186281776
5736,-3.56370363
5737,-1.879623063
5738,-2.613766188
5739,-2.219513331
5740,-1.882662322
5741,-1.025450056
5742,-0.942998059
5743,0.202491759
5744,2.540761903
5745,4.686852532
5746,0.644326068
5747,-0.986407415
5748,0.451155033
5749,0.828052149
5750,-0.287362228
5751,1.583991384
5752,-3.434493827
5753,0.813837888
5754,1.578124944
5755,1.315025447
5756,1.685110611
5757,1.972134702
5758,0.698835187
5759,-0.807624043
5760,-0.522779406
5761,0.230915361
5762,-0.474645324
5763,-0.566688839
5764,-0.04672937
5765,0.049930824
5766,-0.648582207
5767,-1.081978285
5768,-1.456234808
5769,-2.351649693
5770,-3.757198672
5771,-0.591253189
5772,-1.09225597
5773,0.780431263
5774,-0.985791012
5775,0.281172221
5776,0.119188427
5777,0.149141324
5778,-1.210867244
5779,-0.827007713
5780,0.130928791
5781,-0.389992319
5782,0.157370206
5783,0.07775977
5784,-0.530990805
5785,-1.072331153
5786,-2.451447226
5787,0.639033668
5788,1.892419127
5789,-0.191666986
5790,2.038794696
5791,3.313002861
5792,2.512683128
5793,1.713758426
5794,1.674890319
5795,2.056006364
5796,1.094994091
5797,0.666536734
5798,-0.079895182
5799,-3.482176906
5800,-7.778159069
5801,-8.975305366
5802,-11.1125153
5803,-4.832953159
5804,-8.140736351
5805,-5.415485536
5806,-4.795045887
5807,-4.996943276
5808,-4.390419588
5809,-2.083151973
5810,-2.59681116
5811,-1.568951688
5812,-1.829330435
5813,-2.429146502
5814,-1.373711936
5815,-0.456897455
5816,-0.026817867
5817,0.761187753
5818,0.765170351
5819,-0.109582783
5820,-0.524027511
5821,0.90607304
5822,0.908398986
5823,-0.355495756
5824,1.908466117
5825,5.582529933
5826,6.629773531
5827,4.191781981
5828,1.640376063
5829,-0.486616776
5830,2.41271823
5831,2.643131572
5832,3.841698459
5833,1.957898616
5834,4.041287236
5835,1.716988135
5836,0.820158487
5837,-0.33584676
5838,-1.427357547
5839,0.113938939
5840,-0.325231353
5841,-1.103264047
5842,0.617509026
5843,0.487575553
5844,-0.305901346
5845,0.915965805
5846,0.221026457
5847,-0.530778445
5848,0.759412328
5849,0.808773397
5850,1.37482843
5851,0.977092079
5852,1.477057994
5853,-0.069527116
5854,0.09281881
5855,-0.934249557
5856,1.242296867
5857,0.160751768
5858,1.13539408
5859,0.411650734
5860,-0.495094934
5861,-1.80488475
5862,-1.226675937
5863,-0.737455955
5864,-1.246173983
5865,-0.833380755
5866,-0.30869765
5867,0.644252161
5868,2.930814463
5869,3.603397797
5870,4.244186526
5871,4.126055921
5872,2.809368257
5873,3.640861799
5874,2.971080523
5875,1.486388178
5876,0.062201272
5877,-0.642249025
5878,-0.43443471
5879,0.071313135
5880,0.477369104
5881,1.479811437
5882,3.176648072
5883,-0.312674668
5884,-2.346064167
5885,-3.174704075
5886,-1.363813122
5887,-0.883130287
5888,-1.550631404
5889,-0.966889871
5890,-3.161109381
5891,-2.614673847
5892,0.991940134
5893,4.840504399
5894,1.335847633
5895,-0.527932491
5896,0.664731218
5897,2.381180484
5898,1.138700894
5899,1.331022041
5900,-0.450989866
5901,-0.685290035
5902,-1.463769648
5903,-0.676378591
5904,0.293138472
5905,0.910177265
5906,0.970452604
5907,0.008725682
5908,0.552011704
5909,1.638279523
5910,0.788850263
5911,0.723999697
5912,1.979640346
5913,1.346355498
5914,1.804867218
5915,3.187025737
5916,2.221849316
5917,2.278043874
5918,2.545183119
5919,2.220121314
5920,2.61458833
5921,3.124149608
5922,1.41271785
5923,-0.655667588
5924,1.462478953
5925,-2.406545177
5926,-2.244203515
5927,-0.232007045
5928,1.805643892
5929,-2.202670753
5930,4.655878001
5931,1.764100546
5932,2.37703507
5933,1.981501703
5934,1.299404611
5935,0.411250348
5936,1.955214447
5937,-1.550357541
5938,-0.860769326
5939,0.46191337
5940,0.575491291
5941,1.546503816
5942,0.620298415
5943,-1.425858104
5944,-1.842750459
5945,-2.397336539
5946,-2.640979598
5947,-1.147560208
5948,1.571722147
5949,3.70674923
5950,3.581022051
5951,0.977799593
5952,3.02412904
5953,3.409913382
5954,0.070528516
5955,-3.803270789
5956,-4.692759544
5957,-3.039255553
5958,-3.61841052
5959,-2.583721563
5960,-1.399438957
5961,0.433725893
5962,-0.464758211
5963,-0.639026161
5964,-1.095427838
5965,-1.466577121
5966,0.008251821
5967,-1.188262117
5968,-0.902323706
5969,-1.395765953
5970,-1.745256037
5971,-1.175304477
5972,1.092233701
5973,3.469630491
5974,0.159906234
5975,2.309759049
5976,-0.88308565
5977,-3.434807057
5978,-1.35906654
5979,-1.476755951
5980,-0.700634128
5981,-0.052732409
5982,-1.169469959
5983,-0.281935051
5984,0.536473138
5985,-0.312550052
5986,-0.282972445
5987,-0.790480515
5988,-0.071229443
5989,-0.868315873
5990,0.331925474
5991,1.546972213
5992,-0.224702759
5993,1.967910491
5994,0.999856044
5995,1.598440377
5996,0.42912208
5997,0.25794438
5998,0.864905378
5999,1.431972795
6000,3.375618786
6001,5.018586939
6002,2.939547098
6003,0.504514104
6004,-0.842591565
6005,-2.837870933
6006,-2.606930003
6007,-2.399829389
6008,-3.111616483
6009,-1.749182277
6010,-0.597533224
6011,0.589440164
6012,0.935449918
6013,1.51443179
6014,1.946628445
6015,2.958429823
6016,3.079055572
6017,2.410879615
6018,1.453281831
6019,1.138782999
6020,-0.491461438
6021,0.087079663
6022,0.696680441
6023,0.964223975
6024,-0.189547968
6025,-1.322115399
6026,-0.934199285
6027,1.001309977
6028,2.774909945
6029,4.635107967
6030,3.721004949
6031,3.42220881
6032,3.692510435
6033,3.968818144
6034,2.869299362
6035,2.191912541
6036,0.141631787
6037,0.72684791
6038,0.472479396
6039,0.367140281
6040,0.160191081
6041,0.349775356
6042,0.827067561
6043,0.050935209
6044,-0.005090116
6045,0.020851604
6046,-1.672438669
6047,-0.256181446
6048,-0.295525052
6049,-1.179993501
6050,1.581078349
6051,3.999782628
6052,2.406240794
6053,2.118678287
6054,0.035902204
6055,1.002447643
6056,-0.155832889
6057,-2.197106281
6058,-2.357224678
6059,-1.12152563
6060,-0.073216974
6061,0.703211648
6062,-0.095245828
6063,-0.385724352
6064,-0.368159664
6065,-0.67394046
6066,-0.815590896
6067,-1.66008787
6068,-1.208012517
6069,-0.424653642
6070,-0.933521167
6071,0.293312233
6072,-1.626302423
6073,0.547328818
6074,3.01318686
6075,2.170995575
6076,0.959793472
6077,1.43314209
6078,0.01840121
6079,0.416247011
6080,0.402208265
6081,3.483798976
6082,5.684798997
6083,3.980692174
6084,2.665960345
6085,2.500704217
6086,3.25789782
6087,3.016775788
6088,2.733182771
6089,3.519663184
6090,3.477452801
6091,1.310119458
6092,-2.021961845
6093,-0.549691991
6094,-0.088095855
6095,2.259283279
6096,1.887167888
6097,1.254751212
6098,0.793158253
6099,0.908246867
6100,0.389895973
6101,3.06359611
6102,2.334946275
6103,1.984510207
6104,2.559798956
6105,3.175305989
6106,1.861816857
6107,0.439043505
6108,1.399661352
6109,4.197094744
6110,3.088448252
6111,1.725711537
6112,3.09684786
6113,0.400542495
6114,0.669167503
6115,-0.403121277
6116,-1.433146686
6117,-1.104868149
6118,-0.68397901
6119,-0.238954022
6120,-0.005521805
6121,0.970773808
6122,-0.348156645
6123,0.778034022
6124,0.256387409
6125,0.671666301
6126,-1.067201485
6127,-0.604262935
6128,1.047572643
6129,1.375472441
6130,1.099669454
6131,0.102913421
6132,0.033826824
6133,1.272774078
6134,1.821703104
6135,-0.446850028
6136,1.46130264
6137,1.470361376
6138,-0.485505012
6139,-1.599164568
6140,-2.848531486
6141,-0.322403517
6142,-0.096413538
6143,0.118608541
6144,-2.066138702
6145,-4.004935161
6146,-0.860837792
6147,1.452821466
6148,1.852913555
6149,1.899298804
6150,2.637962871
6151,3.015463476
6152,3.526007453
6153,2.292252994
6154,2.468340538
6155,1.5687181
6156,1.806010334
6157,0.180473803
6158,0.040729576
6159,0.28265539
6160,1.628267992
6161,0.36535362
6162,0.419627613
6163,-0.356221173
6164,0.244097746
6165,0.095410643
6166,1.959771537
6167,0.784874314
6168,1.712458255
6169,0.413786046
6170,2.629390976
6171,3.911566821
6172,5.560375439
6173,3.030919227
6174,2.883329425
6175,3.933038608
6176,1.500364257
6177,-0.733792474
6178,-1.556852251
6179,1.130688763
6180,-2.046587356
6181,1.367226008
6182,-0.701541722
6183,-0.714022554
6184,1.445750358
6185,1.797016489
6186,1.043099811
6187,1.632503902
6188,3.697351407
6189,3.173762524
6190,3.931674712
6191,2.751669749
6192,2.033173859
6193,0.894623807
6194,1.748147996
6195,1.797290875
6196,0.350382332
6197,0.84601021
6198,1.161895816
6199,1.005375056
6200,0.97400296
6201,2.244293199
6202,2.25931064
6203,1.359780909
6204,1.333808307
6205,1.323858647
6206,0.314933964
6207,0.898727993
6208,2.350669862
6209,3.476802168
6210,3.021309516
6211,2.204849143
6212,2.420368841
6213,1.794726644
6214,0.625329518
6215,0.909927158
6216,1.567374181
6217,-0.790341494
6218,1.464203685
6219,-1.952270159
6220,-1.879332784
6221,-1.267501015
6222,-0.384777259
6223,1.258953509
6224,1.860275394
6225,2.73353728
6226,2.283692158
6227,2.600741858
6228,2.389567781
6229,0.760582121
6230,-0.417772478
6231,-0.181428213
6232,-0.342143347
6233,-1.175164075
6234,-1.289207939
6235,-2.390357606
6236,-1.486117383
6237,-3.044400595
6238,-0.714549779
6239,-1.616351763
6240,-2.015558823
6241,-1.28622391
6242,-1.106411612
6243,-2.024660765
6244,-0.442574754
6245,-0.569875855
6246,0.64326392
6247,1.165470602
6248,0.648612431
6249,1.852126123
6250,1.601650888
6251,0.46609597
6252,-0.259317135
6253,0.674872964
6254,-0.272565451
6255,1.785136105
6256,2.42378394
6257,3.45194557
6258,1.574373187
6259,3.815035777
6260,5.1967271
6261,6.002790941
6262,4.069727947
6263,4.745028406
6264,4.948524269
6265,3.829328015
6266,2.9477706
6267,2.146227337
6268,1.393610771
6269,2.303740116
6270,3.706279466
6271,3.184639332
6272,2.412290532
6273,2.705968078
6274,2.180227389
6275,0.128467304
6276,0.380503166
6277,-0.662230968
6278,0.46590563
6279,2.680843821
6280,-0.32566078
6281,0.816249725
6282,0.626709138
6283,0.684536996
6284,-0.425285938
6285,0.438746915
6286,-1.484143131
6287,-3.310017847
6288,-5.432216366
6289,-2.715764219
6290,-1.888415063
6291,-2.555529901
6292,-2.454563489
6293,1.254849164
6294,-0.183018537
6295,-1.907375645
6296,-2.267374288
6297,-0.27126046
6298,0.461295711
6299,-0.479284098
6300,0.526587267
6301,2.876472401
6302,2.467012419
6303,1.60008764
6304,0.704325014
6305,-0.705036704
6306,1.423139656
6307,1.324225377
6308,1.119074143
6309,2.023041661
6310,2.89848023
6311,3.099305373
6312,-0.083999027
6313,1.814246106
6314,1.558280214
6315,-0.624411673
6316,-0.533772956
6317,0.529798896
6318,-0.208033599
6319,-1.925149989
6320,0.442844242
6321,0.853194096
6322,0.468198405
6323,-0.013816396
6324,2.305992779
6325,5.297752168
6326,0.210470951
6327,6.350762617
6328,3.218897973
6329,-0.215994459
6330,-6.808173139
6331,-7.169720828
6332,-6.668045244
6333,-4.721298241
6334,-5.244320451
6335,-4.803117744
6336,-2.98698277
6337,-3.735827165
6338,-1.206207898
6339,-0.954521841
6340,0.772007454
6341,0.351396504
6342,-0.811858118
6343,-1.286335135
6344,0.014933965
6345,1.974785196
6346,1.253882224
6347,0.831652153
6348,2.807224919
6349,1.404713195
6350,1.458514668
6351,2.506183478
6352,2.545980938
6353,1.201507456
6354,2.329507428
6355,0.366386652
6356,2.813023724
6357,1.984519387
6358,2.48854367
6359,-0.487254724
6360,-2.052987661
6361,-0.645317382
6362,-4.441337971
6363,-5.305699239
6364,-3.811296634
6365,-3.671463299
6366,-1.686670142
6367,-3.731165042
6368,-6.109667586
6369,-6.671181062
6370,-7.689763873
6371,-5.418152019
6372,-4.963289169
6373,-3.749243704
6374,-2.355375543
6375,-0.606173642
6376,-1.258465176
6377,-0.1696408
6378,0.351235835
6379,2.619856119
6380,-0.055140899
6381,-1.313777049
6382,-0.474508465
6383,-2.639293924
6384,-2.543812929
6385,-1.883918342
6386,-0.047233588
6387,0.411090547
6388,-1.458449067
6389,0.034131521
6390,0.736800126
6391,0.698676495
6392,1.743800757
6393,2.187071479
6394,0.107311891
6395,1.573915971
6396,2.03921875
6397,0.901215762
6398,-0.502050263
6399,0.021099789
6400,-1.075223777
6401,-1.322487028
6402,-0.74514178
6403,-1.792672056
6404,-1.932178607
6405,-2.32714765
6406,-2.312149641
6407,-2.653579634
6408,-2.386132892
6409,-0.958024481
6410,-1.934897254
6411,0.299974079
6412,1.653150148
6413,1.321357353
6414,1.328425894
6415,1.107007983
6416,0.49740105
6417,1.631505613
6418,1.314515626
6419,2.762758535
6420,3.534742777
6421,2.709486659
6422,2.283126244
6423,3.17575416
6424,3.238047868
6425,2.596143357
6426,0.233689296
6427,-0.621780794
6428,-2.575881208
6429,-1.752770188
6430,-1.058317699
6431,-1.700570598
6432,-1.354850717
6433,-0.730747472
6434,-2.366808575
6435,-0.929818815
6436,0.062515321
6437,0.913208827
6438,-2.333231282
6439,0.522727807
6440,1.217539547
6441,1.371400095
6442,2.527369762
6443,1.42506378
6444,2.108242643
6445,2.347319509
6446,1.338793207
6447,1.266729597
6448,1.10658952
6449,0.968799663
6450,0.498443631
6451,-1.15429992
6452,1.656363189
6453,-0.645025892
6454,-1.435426152
6455,-3.474397243
6456,-6.412245114
6457,2.219908342
6458,-5.327698337
6459,2.75827873
6460,20.60676544
6461,43.87653424
6462,46.09575442
6463,32.0893466
6464,21.54770349
6465,19.37866331
6466,15.67497006
6467,12.99643502
6468,11.96938383
6469,10.55924459
6470,7.598132305
6471,7.902825028
6472,6.686954571
6473,4.560765231
6474,1.836812254
6475,-0.702831202
6476,-0.533733661
6477,-1.475042164
6478,-1.2102066
6479,-0.322110457
6480,0.006887785
6481,-0.812579029
6482,0.958789545
6483,-1.356385633
6484,-1.571884036
6485,1.045924236
6486,1.449435038
6487,0.998398804
6488,1.244136216
6489,1.16425089
6490,-0.15568685
6491,0.615688106
6492,0.840110235
6493,0.224485692
6494,0.766328285
6495,1.426392941
6496,0.984404647
6497,0.624012918
6498,0.209663913
6499,1.818009845
6500,4.275387661
6501,3.013814289
6502,4.470199464
6503,4.756378892
6504,5.218659105
6505,0.683772741
6506,2.667399779
6507,2.316955804
6508,1.496427387
6509,0.671299343
6510,0.638432824
6511,0.260801142
6512,0.413305039
6513,1.432583949
6514,2.851361922
6515,3.278796042
6516,3.738834258
6517,2.210820506
6518,0.606353266
6519,-1.413474632
6520,-3.295290684
6521,-0.362526959
6522,1.760734545
6523,2.535753746
6524,4.527279965
6525,-2.056295415
6526,-0.805206414
6527,-0.195355819
6528,-0.43591633
6529,-1.698255195
6530,-3.693568967
6531,-1.511540973
6532,0.18158405
6533,2.078742687
6534,0.682899747
6535,1.969552613
6536,0.715928383
6537,0.121043705
6538,1.538016277
6539,2.365949512
6540,-0.073701757
6541,3.298500224
6542,-3.804825463
6543,-4.658860485
6544,-6.05154066
6545,-5.409025302
6546,-3.014490917
6547,-2.039397759
6548,-1.73192419
6549,-2.22015509
6550,-1.979419678
6551,-1.764904921
6552,-3.049800595
6553,-1.864555044
6554,-0.61308798
6555,1.125624141
6556,-1.312677972
6557,-4.799281968
6558,-4.615776101
6559,-3.515888406
6560,-4.158464524
6561,-4.378086142
6562,-3.719062441
6563,-5.102530099
6564,-5.601663057
6565,-5.694755301
6566,-5.032212043
6567,-4.915871916
6568,-4.242887326
6569,-3.545095867
6570,-0.930611034
6571,0.479296665
6572,-1.458348972
6573,-0.35181516
6574,-1.632667585
6575,-1.399045643
6576,-1.012433407
6577,-1.027606795
6578,0.03745373
6579,-1.973732161
6580,-2.391052983
6581,-0.675279178
6582,-2.394341247
6583,-3.104578289
6584,-5.93534537
6585,-5.02865178
6586,-3.574308039
6587,-2.644183888
6588,-3.616632732
6589,-1.693169119
6590,-0.806925544
6591,0.346084806
6592,0.447331917
6593,1.216660785
6594,0.864890442
6595,-0.406948251
6596,-2.94893224
6597,-4.282014333
6598,-3.176102499
6599,-2.714492046
6600,-0.740362712
6601,-0.460917818
6602,-1.244581929
6603,-0.012869977
6604,-0.185010615
6605,-1.360373231
6606,-0.450143159
6607,-0.808565434
6608,-0.675528547
6609,0.56608433
6610,3.065477815
6611,7.282147915
6612,1.94392944
6613,2.743783321
6614,1.615244901
6615,1.132728474
6616,0.063510286
6617,2.29612755
6618,1.432814373
6619,0.964997654
6620,0.806337178
6621,1.285258439
6622,1.432688483
6623,1.027929603
6624,0.930733186
6625,2.721646341
6626,4.1714624
6627,7.511975357
6628,3.757718526
6629,1.779676322
6630,0.069149061
6631,-1.196336269
6632,-0.356724584
6633,1.178999952
6634,-0.062131889
6635,0.057392847
6636,1.185507994
6637,1.049078581
6638,-0.798436947
6639,1.152952195
6640,1.979710637
6641,3.06702975
6642,1.929235362
6643,1.904731518
6644,-0.174278709
6645,-0.781868695
6646,-1.121467166
6647,-1.422755353
6648,-0.613227887
6649,-1.113785054
6650,-0.066693431
6651,-0.803644786
6652,-0.269014142
6653,2.295943008
6654,2.438083466
6655,2.329242949
6656,2.315941313
6657,0.202808367
6658,0.564841156
6659,-1.05258119
6660,-1.013570045
6661,-0.614135305
6662,0.642510823
6663,1.681601726
6664,2.726714049
6665,2.696350109
6666,1.232860037
6667,1.515921527
6668,1.65440048
6669,3.938965907
6670,1.092421787
6671,2.63436073
6672,2.901249075
6673,2.103575864
6674,1.401150036
6675,0.363416817
6676,-0.805757739
6677,0.362730406
6678,-0.582754105
6679,-1.48759231
6680,0.047328146
6681,-1.28196023
6682,-1.07793652
6683,-1.41167196
6684,0.070728004
6685,2.723236847
6686,1.284915791
6687,0.949079822
6688,0.652732783
6689,0.523226734
6690,-0.396158752
6691,0.335651813
6692,-0.72504688
6693,-1.302311786
6694,-2.114379653
6695,-2.694163167
6696,-0.340571626
6697,-0.26858362
6698,-0.397996499
6699,0.36889636
6700,2.316367742
6701,2.880251402
6702,3.723050369
6703,3.683032819
6704,2.997792661
6705,2.844191211
6706,3.134770221
6707,5.678670118
6708,9.374509217
6709,9.708927709
6710,6.849080398
6711,5.981586237
6712,3.208499246
6713,3.461492906
6714,2.524844884
6715,2.771764449
6716,1.270113984
6717,0.726480234
6718,2.490451961
6719,3.580648578
6720,2.14219963
6721,1.531563243
6722,0.074511878
6723,-0.156820228
6724,-0.380420028
6725,0.013532378
6726,-1.927194164
6727,-2.390614319
6728,-2.181465946
6729,-1.641611919
6730,-1.419404959
6731,-1.488998553
6732,0.514436611
6733,-0.601327042
6734,-0.228872579
6735,-1.033385348
6736,-1.879067911
6737,-4.286413726
6738,-4.731380917
6739,-4.01435628
6740,-2.928066678
6741,-3.392758036
6742,-1.51182619
6743,-1.648377087
6744,-1.627031237
6745,-0.131512358
6746,0.847791981
6747,2.535100855
6748,1.714186778
6749,1.284519575
6750,0.972423748
6751,0.98697323
6752,-0.327854998
6753,-0.952488904
6754,-1.112462723
6755,-0.381775969
6756,-1.816978429
6757,1.607187817
6758,2.615628951
6759,0.698647443
6760,2.623975324
6761,1.642278858
6762,0.917832837
6763,0.182289013
6764,1.264637819
6765,1.464440253
6766,1.009418235
6767,0.002537856
6768,-0.595183517
6769,0.933434505
6770,0.361698672
6771,1.694992869
6772,1.864386421
6773,2.026420645
6774,2.224278304
6775,2.429523971
6776,2.0301956
6777,3.330608436
6778,4.36454437
6779,3.009029137
6780,2.85636676
6781,2.58312035
6782,2.531135294
6783,2.446140648
6784,-0.237694722
6785,-4.383425966
6786,-1.022592492
6787,-1.24945102
6788,-0.800406947
6789,0.693517223
6790,2.621420529
6791,4.264514971
6792,5.530610206
6793,4.293049489
6794,3.324614341
6795,2.721113053
6796,2.506038119
6797,2.864606815
6798,0.778111487
6799,1.064199945
6800,-0.468981225
6801,-0.132120211
6802,-0.331478244
6803,0.666279974
6804,-0.137581048
6805,0.435098486
6806,-0.078311951
6807,-0.238951643
6808,0.583047789
6809,-0.939271398
6810,-2.95014566
6811,-3.716968442
6812,-5.12668265
6813,-4.962993897
6814,-4.700378355
6815,-5.114303147
6816,-4.997627149
6817,-4.87899672
6818,-3.491407195
6819,-4.6037351
6820,-4.205832883
6821,-0.703335926
6822,2.044769685
6823,3.243916819
6824,5.411025847
6825,6.303267406
6826,3.493177365
6827,2.504217265
6828,3.57074087
6829,2.432320373
6830,1.628837652
6831,2.404488266
6832,0.749240153
6833,2.588727281
6834,0.638077735
6835,-1.943324749
6836,-0.494402267
6837,-1.67965653
6838,-1.902095398
6839,-4.015262204
6840,-1.80496345
6841,-1.802689874
6842,-1.6235228
6843,-3.00982376
6844,-1.709567628
6845,-2.131779985
6846,-1.606018081
6847,-2.55414963
6848,-3.669951722
6849,-1.369431262
6850,-1.169852715
6851,-2.501080743
6852,0.149315016
6853,-0.4005941
6854,-0.061499239
6855,0.064256159
6856,0.997097404
6857,1.380239465
6858,2.944004654
6859,3.775840883
6860,3.401932604
6861,2.719770411
6862,3.382450046
6863,1.995856425
6864,1.829353949
6865,0.196739647
6866,4.868585806
6867,4.087618818
6868,3.226973483
6869,1.35736639
6870,0.878277795
6871,2.328725139
6872,1.092118459
6873,2.404926853
6874,3.349623455
6875,5.678489867
6876,5.185928631
6877,4.049116974
6878,2.953194177
6879,3.036755872
6880,2.642005558
6881,3.04153855
6882,2.863642489
6883,1.559495632
6884,0.548324286
6885,0.576131054
6886,-0.546694008
6887,0.031688111
6888,2.902061145
6889,-2.460652262
6890,3.387880229
6891,2.468345119
6892,1.458632452
6893,1.112164568
6894,0.608284028
6895,0.024847651
6896,1.435218919
6897,1.433149613
6898,0.795304167
6899,0.354434966
6900,0.349613153
6901,2.223763665
6902,6.832182398
6903,9.193870308
6904,11.1397833
6905,6.188577021
6906,3.938101579
6907,2.545404803
6908,1.117154627
6909,-0.059346657
6910,0.747096671
6911,0.749880662
6912,-0.832247835
6913,-0.483319207
6914,0.586896596
6915,1.101777439
6916,-0.635026106
6917,1.314360235
6918,0.743837975
6919,1.55191746
6920,1.544192903
6921,3.556592626
6922,0.720650801
6923,2.983341608
6924,4.487490816
6925,7.976732112
6926,4.732835735
6927,3.60374484
6928,3.100527427
6929,1.909280931
6930,0.772166693
6931,3.253164235
6932,1.178786627
6933,0.379951182
6934,0.507761523
6935,-0.075405249
6936,1.016940773
6937,0.13150986
6938,-0.167783552
6939,0.575685025
6940,0.889395285
6941,-0.07763412
6942,2.206338056
6943,4.599014509
6944,5.5860808
6945,5.982494362
6946,3.349237277
6947,3.773302203
6948,3.539454508
6949,2.479547203
6950,1.224311608
6951,0.575440851
6952,2.309019287
6953,1.58740051
6954,0.843121994
6955,1.828740028
6956,3.242149711
6957,1.435368026
6958,0.594978347
6959,1.177325094
6960,0.995124395
6961,-0.701717286
6962,-0.581311941
6963,-1.585323256
6964,-0.580406432
6965,-1.285369603
6966,0.026881184
6967,-0.849264324
6968,0.933660261
6969,-1.226855209
6970,-1.928603212
6971,-3.898421158
6972,-3.986513804
6973,-4.610157241
6974,-3.139174866
6975,-3.103655833
6976,-2.322613898
6977,-1.899817694
6978,0.714431479
6979,2.791794918
6980,2.541802284
6981,0.419653536
6982,0.793074598
6983,-0.367328334
6984,0.150409526
6985,-0.963416824
6986,0.727725155
6987,3.819409131
6988,0.397162401
6989,0.724581996
6990,0.094705985
6991,0.572331737
6992,0.216614848
6993,0.142373315
6994,-0.266039553
6995,0.266524217
6996,-0.854262036
6997,0.181045783
6998,-1.707654796
6999,-1.994035891
7000,-1.029392125
7001,-1.610779632
7002,0.808639557
7003,0.715319952
7004,-1.196779008
7005,0.771972141
7006,2.807774611
7007,2.626567863
7008,-0.094332192
7009,-0.896510555
7010,-2.022694121
7011,-1.203380017
7012,-0.315659341
7013,-1.558209622
7014,-0.318898251
7015,-3.41136352
7016,-5.792564243
7017,-5.0294087
7018,-2.807151666
7019,-2.723741296
7020,-2.102770372
7021,0.132402025
7022,0.0179438
7023,-0.838082509
7024,-0.6331035
7025,-0.455278832
7026,-0.574386383
7027,-0.094977148
7028,0.447819163
7029,2.099903939
7030,0.993295321
7031,0.928708178
7032,0.337317845
7033,0.078852035
7034,-1.135090661
7035,-1.025954629
7036,-1.342162757
7037,-2.660358606
7038,-2.173791344
7039,-1.373890618
7040,-2.041735388
7041,-2.490054384
7042,-0.282370754
7043,0.125999917
7044,0.492697955
7045,0.57942305
7046,1.262105689
7047,1.163772789
7048,0.75636905
7049,1.99035458
7050,3.566778639
7051,-0.394315203
7052,2.252867492
7053,1.62129964
7054,1.282443566
7055,1.209550312
7056,0.328412601
7057,-1.197060167
7058,-0.639856292
7059,1.613827011
7060,3.942292184
7061,2.256396967
7062,2.447106099
7063,3.312497998
7064,0.23196917
7065,2.519428475
7066,1.464830403
7067,2.165115994
7068,-0.087564821
7069,0.879153389
7070,1.718363349
7071,1.666538531
7072,2.343802723
7073,1.306457781
7074,2.269674146
7075,2.975399396
7076,2.949261126
7077,2.045894309
7078,1.83929114
7079,1.600786709
7080,3.281340409
7081,4.58447006
7082,2.206051429
7083,-0.143417103
7084,-0.688571906
7085,-2.538285577
7086,-4.179389783
7087,-1.076739953
7088,-0.343043827
7089,-0.648861841
7090,-1.186619644
7091,0.196070856
7092,1.188154768
7093,0.166325541
7094,0.850368866
7095,0.793658782
7096,0.465955869
7097,1.92842042
7098,1.757252937
7099,2.182837742
7100,3.331521459
7101,1.501459286
7102,1.981634089
7103,1.854865132
7104,0.585402605
7105,0.919607703
7106,1.968652126
7107,1.746583688
7108,1.2957309
7109,0.636631842
7110,-0.648864813
7111,-1.352136646
7112,-2.148815787
7113,0.40809413
7114,1.436406941
7115,0.880848982
7116,0.334797166
7117,1.362139668
7118,-1.999518301
7119,1.46911715
7120,-1.617175454
7121,-5.120842459
7122,-1.782630862
7123,-0.388439307
7124,-2.233848313
7125,-3.279953816
7126,-3.040126906
7127,-4.834466808
7128,-6.722390688
7129,-3.70477604
7130,-3.113357123
7131,-3.811215106
7132,-5.310900366
7133,-3.042311698
7134,-2.04896632
7135,-1.883499853
7136,-1.132122838
7137,-2.422880011
7138,-3.224974397
7139,-3.478881864
7140,-0.929861004
7141,0.851829849
7142,1.20640303
7143,-0.327399237
7144,-1.416860264
7145,-0.869920082
7146,0.543579823
7147,-2.235599065
7148,-1.977610001
7149,-1.473433649
7150,0.672411832
7151,0.550305
7152,1.389044484
7153,0.660974104
7154,-0.319372196
7155,2.175289772
7156,2.837648705
7157,1.596776263
7158,0.466747806
7159,1.045739
7160,1.102987536
7161,0.778796871
7162,0.096639151
7163,-0.254172409
7164,0.928941778
7165,-0.711964922
7166,-0.52878377
7167,-1.697914117
7168,-1.117828166
7169,-0.27242576
7170,-0.733033259
7171,-0.673066552
7172,-1.761909849
7173,-2.288353983
7174,-1.801070807
7175,-1.038182281
7176,-0.652860624
7177,0.850069181
7178,-1.481254257
7179,-0.328019357
7180,-0.635807537
7181,-0.65777912
7182,-0.717578151
7183,-1.146844227
7184,-0.836169252
7185,-0.26577908
7186,-0.393777658
7187,1.116385996
7188,1.691157777
7189,0.20592893
7190,0.373688566
7191,-1.381716038
7192,-1.954205942
7193,-2.011026568
7194,-0.689003472
7195,-0.939418775
7196,-1.809859953
7197,-1.535134296
7198,-2.532303125
7199,-1.984406194
7200,-1.749043391
7201,-0.23007386
7202,-0.116167047
7203,-0.778693369
7204,2.343109433
7205,6.112126624
7206,3.59562063
7207,3.383771737
7208,0.976883618
7209,1.496148079
7210,0.984581201
7211,0.904172203
7212,-0.048256122
7213,-0.081142205
7214,-1.058572284
7215,-2.046641427
7216,-1.301700392
7217,-1.730958904
7218,-3.564022397
7219,-5.434626924
7220,-4.921883906
7221,-3.626697915
7222,-2.89363249
7223,-1.85956385
7224,-2.150544853
7225,-5.318806677
7226,-6.753721443
7227,-6.053948431
7228,-4.709211411
7229,-3.886006249
7230,-3.222367978
7231,-3.147714526
7232,-0.538978128
7233,-1.071513172
7234,-0.765359589
7235,-1.073569126
7236,-1.257548817
7237,-1.044850299
7238,-0.834783343
7239,0.443949652
7240,0.702134258
7241,1.367892036
7242,0.337922305
7243,-0.641603219
7244,-2.025749783
7245,0.259127026
7246,-0.559485643
7247,1.358304511
7248,1.108383773
7249,2.043849026
7250,1.449946331
7251,1.333807692
7252,0.525204095
7253,-0.863023538
7254,-1.758010299
7255,-0.866116368
7256,1.76606877
7257,1.695880091
7258,1.96497443
7259,2.644978044
7260,2.621316141
7261,2.391995392
7262,2.545990569
7263,1.365025982
7264,2.470047071
7265,3.19390666
7266,6.301395976
7267,9.956837809
7268,7.331994659
7269,4.577693982
7270,5.063202714
7271,6.463157752
7272,3.646789835
7273,4.299534042
7274,2.292098181
7275,2.280907912
7276,2.850407019
7277,1.357257699
7278,0.171694052
7279,-2.70940295
7280,0.787248856
7281,2.107376658
7282,1.355298351
7283,1.466379799
7284,-1.637259072
7285,-0.705280559
7286,-0.147944957
7287,0.002819208
7288,-0.25197246
7289,-0.359743714
7290,-1.542257114
7291,-0.800413985
7292,-1.519043022
7293,-1.398936038
7294,-0.398239806
7295,0.380476926
7296,0.626940334
7297,1.948580503
7298,1.510063498
7299,-0.6188574
7300,0.257388632
7301,1.123546554
7302,1.162350335
7303,0.335234103
7304,-0.52088825
7305,0.140358567
7306,1.11272026
7307,1.330997863
7308,-1.734903266
7309,-2.042998077
7310,-0.856743546
7311,1.736685771
7312,1.100317822
7313,1.512839544
7314,2.749900991
7315,1.056476479
7316,0.689291278
7317,0.45306256
7318,-0.306356399
7319,1.437442424
7320,0.857285689
7321,1.58581679
7322,2.065650136
7323,2.307682398
7324,0.51905242
7325,1.18935295
7326,1.55518882
7327,-0.325121162
7328,1.966139176
7329,3.342983728
7330,3.226898349
7331,2.830110741
7332,3.222783142
7333,1.445924896
7334,2.627152886
7335,3.286845704
7336,2.128200384
7337,0.812186181
7338,1.99868144
7339,1.996728025
7340,2.261274903
7341,0.719792215
7342,1.994195196
7343,1.534065196
7344,0.73736559
7345,-0.328408533
7346,-1.893469221
7347,-1.238595502
7348,-1.694487519
7349,-2.009198508
7350,-1.847565981
7351,-2.153828742
7352,-0.84450694
7353,0.442042299
7354,2.148129282
7355,2.381531588
7356,3.316222695
7357,3.364218541
7358,2.451296943
7359,0.587629314
7360,-0.866582526
7361,0.760627532
7362,0.38220282
7363,0.241928613
7364,0.783167714
7365,-0.159236746
7366,0.195911056
7367,-0.556392302
7368,-1.723036653
7369,-2.825958646
7370,-1.079369781
7371,-1.95175786
7372,-2.744170509
7373,-3.139441444
7374,-2.040174206
7375,-3.084689454
7376,-4.171128437
7377,-4.111353495
7378,-3.865963167
7379,-2.636194576
7380,-2.16291531
7381,-0.196531686
7382,-2.587154234
7383,-4.018996852
7384,-2.569077526
7385,-0.95943466
7386,-2.369145189
7387,-2.7711887
7388,-3.156394004
7389,-1.722633536
7390,-0.668743902
7391,0.840213397
7392,2.355813386
7393,3.022218922
7394,2.152485242
7395,1.255023804
7396,2.391992317
7397,2.754159959
7398,2.21210938
7399,-0.183915668
7400,0.434410184
7401,-1.229832415
7402,-1.06197603
7403,-1.153364562
7404,-1.236867601
7405,-1.108297132
7406,-2.227130931
7407,-1.000952127
7408,-0.390537394
7409,-0.421100995
7410,0.569834689
7411,-1.167792607
7412,-0.421553196
7413,0.098205266
7414,0.195505781
7415,-0.793602775
7416,0.556393557
7417,0.015358403
7418,0.163496053
7419,0.839009422
7420,0.405426768
7421,0.625857535
7422,-0.209851444
7423,-0.8245522
7424,0.333763617
7425,1.53013495
7426,2.050991612
7427,0.020631202
7428,2.679363114
7429,2.357885302
7430,1.402389431
7431,0.765517966
7432,0.925345017
7433,1.266462412
7434,-0.015044889
7435,1.572204374
7436,-0.04903807
7437,-0.674558011
7438,-0.309982568
7439,1.426435956
7440,0.915630113
7441,-1.087784348
7442,-3.327400924
7443,-1.631273715
7444,-1.770221422
7445,-0.407188178
7446,1.753801226
7447,3.443722005
7448,2.056724286
7449,2.67729893
7450,1.276572068
7451,0.777169656
7452,-0.783750428
7453,0.404205482
7454,0.202228965
7455,-0.465367902
7456,-0.941710395
7457,0.408996434
7458,-0.2829716
7459,-0.971516722
7460,1.06950514
7461,0.386456631
7462,0.476952179
7463,0.609327598
7464,1.299695023
7465,0.931541675
7466,1.344826262
7467,2.1331434
7468,1.12319166
7469,1.681336235
7470,2.180057794
7471,2.309957771
7472,3.597036213
7473,4.848197931
7474,3.053538133
7475,1.875518741
7476,2.206390848
7477,1.884816093
7478,1.600454214
7479,0.813752904
7480,-1.061090771
7481,-0.99245589
7482,-1.298073722
7483,-0.841068972
7484,-1.027370365
7485,-1.886352098
7486,-0.400642803
7487,-0.555858254
7488,0.194536542
7489,1.657604811
7490,2.278025323
7491,2.247733577
7492,2.354862566
7493,1.075560876
7494,4.036814828
7495,5.014545597
7496,2.215741008
7497,2.521331821
7498,3.197459096
7499,0.963717254
7500,1.503996492
7501,1.04392996
7502,-0.191020193
7503,1.221447918
7504,1.267603039
7505,1.829582114
7506,1.743653261
7507,2.433348366
7508,2.567262766
7509,1.471276909
7510,2.951715457
7511,1.971343569
7512,2.245887316
7513,2.070485348
7514,0.614933743
7515,0.317083182
7516,0.354051254
7517,0.848976733
7518,1.845165023
7519,2.741532779
7520,3.483435683
7521,0.454086678
7522,1.234375059
7523,1.028678702
7524,0.42510533
7525,-0.714494076
7526,-0.329660672
7527,0.03244223
7528,1.411112651
7529,0.092370836
7530,1.137637413
7531,0.863991042
7532,1.972945172
7533,1.290670742
7534,1.117784674
7535,2.123294074
7536,3.432873992
7537,2.167840406
7538,0.640305602
7539,0.582648199
7540,1.301439157
7541,1.165955758
7542,-0.502515114
7543,-0.588327065
7544,-0.776782849
7545,-1.987454963
7546,0.790491976
7547,5.541029365
7548,3.625315734
7549,1.559752302
7550,-0.195381092
7551,-0.603391803
7552,0.328390839
7553,1.344092707
7554,2.011179251
7555,3.135500519
7556,2.360829366
7557,2.184810237
7558,1.251257146
7559,2.001555703
7560,1.114580571
7561,0.617838034
7562,-0.893346594
7563,1.669718816
7564,3.068194933
7565,2.17278772
7566,1.071788359
7567,1.284799486
7568,0.992944221
7569,-0.30376536
7570,-0.672778279
7571,-0.526560943
7572,-1.405602172
7573,-1.728529875
7574,-2.18532772
7575,-0.450152558
7576,-1.471303687
7577,-2.208983322
7578,-1.594496124
7579,-0.436077366
7580,0.241144952
7581,-0.439995679
7582,-1.93055453
7583,-1.775691715
7584,-1.485895691
7585,-2.141858069
7586,0.048343495
7587,2.106452354
7588,0.872362505
7589,-0.498272852
7590,-0.446700789
7591,1.770928281
7592,0.898330228
7593,1.757612238
7594,1.109892189
7595,0.72538692
7596,1.295361394
7597,0.275261068
7598,1.268815995
7599,2.347880919
7600,2.918509166
7601,2.891039177
7602,1.025312209
7603,1.990061832
7604,0.632581894
7605,0.947095067
7606,1.764161533
7607,1.929113781
7608,2.078131473
7609,2.031967739
7610,0.582195489
7611,1.236907673
7612,2.1124486
7613,1.22250467
7614,0.362643403
7615,1.065270145
7616,3.041440882
7617,4.594519993
7618,1.891885689
7619,-1.058513903
7620,-0.461306991
7621,0.883423119
7622,1.671686811
7623,-0.772124447
7624,-1.489624457
7625,-0.982932388
7626,0.258570538
7627,-0.429526159
7628,0.851671103
7629,-0.439367099
7630,0.507833633
7631,-0.65704453
7632,2.417517197
7633,-2.49366209
7634,2.396898887
7635,1.270074144
7636,2.343838668
7637,0.506110415
7638,-1.313591374
7639,1.134114126
7640,0.71680368
7641,2.031077638
7642,2.951307889
7643,1.57152012
7644,1.088040564
7645,-1.41041245
7646,-1.389354441
7647,-0.387987226
7648,-0.759756866
7649,1.636258596
7650,-0.341347633
7651,0.790940149
7652,2.115108395
7653,-0.717954171
7654,-2.184768932
7655,-4.350012554
7656,-0.095190195
7657,-1.169025029
7658,0.082817891
7659,-1.386750748
7660,-0.298856033
7661,1.046772911
7662,0.162280432
7663,1.642121305
7664,4.425257562
7665,1.952290366
7666,2.913977152
7667,2.857892814
7668,2.335197292
7669,1.973989465
7670,2.13092589
7671,1.175537606
7672,-1.075790562
7673,2.244566949
7674,2.107792578
7675,3.534022415
7676,3.880006528
7677,1.861096401
7678,0.645948758
7679,2.167453648
7680,2.216885268
7681,2.39659074
7682,5.122632718
7683,2.254566262
7684,2.955797924
7685,3.35026827
7686,4.56924597
7687,3.527417537
7688,3.82758746
7689,3.872021893
7690,4.746136226
7691,3.929006915
7692,3.968395998
7693,3.618431581
7694,2.686985064
7695,3.047668359
7696,4.11403398
7697,4.556099903
7698,2.420494137
7699,0.369625328
7700,1.060311233
7701,-0.070231618
7702,-0.118594962
7703,0.738756854
7704,1.934749567
7705,3.167943116
7706,3.047853457
7707,1.066066354
7708,1.264670541
7709,0.059950731
7710,2.626998429
7711,-0.251901775
7712,-1.412473094
7713,0.157887076
7714,-1.049024783
7715,-1.448917879
7716,-1.819763134
7717,-3.340596207
7718,-3.174716372
7719,-2.639587142
7720,-3.750319731
7721,-1.921297529
7722,-1.893753313
7723,-1.637621847
7724,-2.208169257
7725,-0.300558917
7726,-0.304680921
7727,0.470344664
7728,0.09128563
7729,-0.252504307
7730,-0.508198895
7731,0.169582293
7732,-1.180080634
7733,2.163591444
7734,-0.467364197
7735,1.439864294
7736,0.784677279
7737,-0.246184857
7738,0.987174153
7739,3.064308739
7740,3.737733538
7741,2.840237373
7742,3.424191115
7743,3.28073543
7744,1.882625909
7745,2.886674959
7746,-0.681793851
7747,-4.996230207
7748,-0.598477524
7749,-1.848464744
7750,-1.725342168
7751,-0.392919385
7752,2.059535649
7753,-0.405867865
7754,-0.218466396
7755,-1.174013968
7756,-0.196887564
7757,-0.81867721
7758,-1.608547473
7759,-0.92403211
7760,-0.50377664
7761,-0.297827885
7762,-0.082326016
7763,0.270907257
7764,0.254279521
7765,-0.321447047
7766,1.055212941
7767,0.343867
7768,0.655825923
7769,-0.610832505
7770,-2.529576254
7771,-0.067469952
7772,4.14500391
7773,5.335831978
7774,1.183695763
7775,6.570605578
7776,-0.054622038
7777,3.143953777
7778,0.541584275
7779,1.209505602
7780,0.225427755
7781,1.064635235
7782,0.682385317
7783,-0.445293114
7784,1.185029808
7785,-0.200214398
7786,-0.672459961
7787,-0.862488192
7788,-2.518638342
7789,0.462539726
7790,1.19263707
7791,-0.243509618
7792,-0.893861377
7793,-1.623693037
7794,-1.467609525
7795,-0.347708551
7796,0.935389996
7797,-0.35704833
7798,-0.636428694
7799,-0.083725348
7800,-0.87770917
7801,0.129912517
7802,-0.471326548
7803,0.046006777
7804,2.347240479
7805,1.300747588
7806,2.178164066
7807,1.458933592
7808,0.499434491
7809,-1.409388173
7810,-4.352813488
7811,-3.736672072
7812,-3.882568461
7813,-4.503547447
7814,-1.297672129
7815,3.145069799
7816,1.476297686
7817,-0.038099301
7818,-3.001866621
7819,-3.69605218
7820,-2.189451401
7821,-0.719323714
7822,-1.169096108
7823,-1.295163172
7824,0.120166088
7825,-1.540162311
7826,-2.251126822
7827,-3.906430576
7828,-0.955664339
7829,1.873488368
7830,2.487502935
7831,1.294490802
7832,-2.342411663
7833,-2.191431564
7834,-1.013054271
7835,-0.401887833
7836,0.107160306
7837,0.289981777
7838,-0.196901853
7839,-1.756554679
7840,-1.025120864
7841,-0.791040553
7842,-1.22290795
7843,-0.659671264
7844,-0.024052271
7845,0.448622958
7846,0.607272237
7847,1.929754005
7848,-0.325488534
7849,-2.662513599
7850,-1.217844096
7851,-2.541507994
7852,-0.967141164
7853,1.308070094
7854,2.955317647
7855,0.248052868
7856,1.741580272
7857,1.296637046
7858,1.828162643
7859,1.528253353
7860,2.513339793
7861,1.459300982
7862,2.370025299
7863,1.282928559
7864,2.148143858
7865,3.545481431
7866,1.491139397
7867,2.40434553
7868,1.410417959
7869,1.722786737
7870,1.056854946
7871,0.394784679
7872,-0.305132961
7873,-0.636652918
7874,-0.473523491
7875,0.891915913
7876,1.626762841
7877,0.279714285
7878,0.007431151
7879,1.189673974
7880,1.363533773
7881,1.090466029
7882,-0.208786619
7883,-0.55397679
7884,0.010702832
7885,0.542072218
7886,0.549634088
7887,-0.791209889
7888,1.307191083
7889,1.847441054
7890,0.414912556
7891,1.404259515
7892,0.659134745
7893,1.91279725
7894,-0.745599226
7895,-0.067662665
7896,-0.751928437
7897,0.497435072
7898,1.712872183
7899,1.323005661
7900,2.645046798
7901,3.000013424
7902,1.276767816
7903,-0.834783122
7904,-2.912962627
7905,-1.210566954
7906,-2.887850305
7907,-3.597261983
7908,-2.297942644
7909,-0.053867042
7910,-2.584944452
7911,-1.863155067
7912,-1.06481025
7913,-1.067649605
7914,-0.775250818
7915,-1.982440135
7916,-1.70646469
7917,-0.597589293
7918,0.593457425
7919,-1.186435995
7920,0.376043512
7921,0.629130044
7922,-0.122663531
7923,0.259637633
7924,0.065898557
7925,0.842715913
7926,-0.094973162
7927,0.849310605
7928,1.466392409
7929,-0.635312791
7930,-2.227050273
7931,-3.049119973
7932,-2.546252467
7933,-2.308160481
7934,-2.786941237
7935,-0.888318261
7936,3.810115853
7937,0.699317367
7938,-2.742154445
7939,-1.273349844
7940,-0.64076089
7941,-1.119071214
7942,-1.732341143
7943,-3.949670669
7944,-5.016413732
7945,-6.727501517
7946,-5.585272873
7947,-3.675550284
7948,-4.118962312
7949,-4.363850625
7950,-4.459019537
7951,-2.058940757
7952,-3.026636764
7953,-0.725516008
7954,0.456058193
7955,1.28102109
7956,1.445420163
7957,2.871224015
7958,2.50520886
7959,2.174429591
7960,1.425697562
7961,2.420718519
7962,2.510330698
7963,2.817837866
7964,2.674099111
7965,1.806409012
7966,0.605564755
7967,-0.23250497
7968,1.652109843
7969,0.930484571
7970,-0.613356432
7971,0.29722103
7972,0.075078077
7973,1.246435201
7974,1.407509029
7975,1.091538718
7976,1.30036493
7977,1.879281869
7978,2.764977532
7979,4.494117289
7980,2.996445684
7981,2.13480906
7982,3.334083223
7983,2.990441077
7984,2.493490445
7985,2.740146721
7986,0.814472986
7987,2.926747143
7988,2.086031285
7989,1.191827495
7990,3.791013805
7991,3.149539055
7992,2.623224696
7993,1.871755108
7994,2.129682856
7995,0.011513615
7996,-0.030814569
7997,-0.173783298
7998,-0.584825015
7999,-0.85853903
8000,-0.939321384
8001,-0.367850148
8002,-0.350173019
8003,1.362239697
8004,0.812225829
8005,1.481629972
8006,0.722424432
8007,0.034899661
8008,0.526937141
8009,2.310465969
8010,-0.14990356
8011,0.977770263
8012,2.293023335
8013,3.08623697
8014,-0.341109865
8015,-3.018088937
8016,-4.137016353
8017,-1.907762395
8018,-2.182505338
8019,-2.475717063
8020,-2.525394351
8021,-3.096830753
8022,-1.634656698
8023,-1.151663807
8024,0.649531363
8025,0.274384811
8026,-0.926960905
8027,-1.441733139
8028,-1.987998702
8029,1.615507317
8030,2.498219847
8031,0.771972128
8032,1.963400278
8033,2.676027635
8034,2.121220762
8035,2.737259537
8036,2.096005524
8037,1.207894764
8038,-0.085418455
8039,2.545236648
8040,4.475731204
8041,5.157188123
8042,5.658829621
8043,6.290307194
8044,6.369767628
8045,4.707596035
8046,5.541462217
8047,6.174622244
8048,3.64637578
8049,3.724682178
8050,1.387260219
8051,0.385464158
8052,0.731605901
8053,-0.498993909
8054,0.25567208
8055,-0.004482514
8056,0.163617869
8057,0.327489193
8058,-0.370407711
8059,-1.097187884
8060,-1.074924999
8061,-0.601330928
8062,-1.585822643
8063,-1.240479684
8064,-1.485008643
8065,0.049104255
8066,0.837989589
8067,2.585496853
8068,5.37470674
8069,1.431696066
8070,2.630654483
8071,0.733422164
8072,0.426713838
8073,2.462506023
8074,2.40797794
8075,2.44183944
8076,2.286769658
8077,0.174325834
8078,1.200543285
8079,1.288434141
8080,1.528158912
8081,1.838991905
8082,1.710330832
8083,3.33502408
8084,2.353712722
8085,-0.258823951
8086,-1.646174675
8087,1.159000096
8088,2.33252357
8089,1.735699631
8090,0.566178355
8091,1.195885958
8092,-0.928880249
8093,1.324604591
8094,1.529375961
8095,0.723395257
8096,1.870936483
8097,2.042330555
8098,1.312760787
8099,1.829034805
8100,1.317990975
8101,1.100470622
8102,0.609724859
8103,0.474447058
8104,0.61009289
8105,0.978388851
8106,0.980599319
8107,0.242911945
8108,1.071196526
8109,0.457748178
8110,1.226982756
8111,0.341751815
8112,-1.356954861
8113,-1.685595704
8114,-0.960051776
8115,1.719205241
8116,2.227066964
8117,2.494997638
8118,1.4828015
8119,1.853891654
8120,1.908037569
8121,1.820712521
8122,0.992589276
8123,1.324232439
8124,0.237490132
8125,-0.439796439
8126,1.840966738
8127,2.311651353
8128,1.80702697
8129,0.363406242
8130,1.280728068
8131,0.381867854
8132,-1.030928566
8133,-2.582528256
8134,0.91508196
8135,1.564830139
8136,-0.273642321
8137,-1.226692373
8138,-2.539225435
8139,0.011030224
8140,2.348614425
8141,5.519211682
8142,6.994942257
8143,5.046474517
8144,3.426719422
8145,0.416558038
8146,-0.670024292
8147,-0.413016802
8148,-0.395128687
8149,-1.799994495
8150,-4.290394358
8151,-4.948861394
8152,-4.448399458
8153,-2.982798519
8154,-2.588337608
8155,-1.887247265
8156,-1.057099746
8157,0.669745243
8158,-0.962904648
8159,0.018684606
8160,-1.355270103
8161,-0.559789101
8162,0.04659059
8163,0.393626927
8164,-0.502913331
8165,0.688356616
8166,-0.529411173
8167,-3.129620468
8168,-1.101250896
8169,-0.504953505
8170,-0.225625627
8171,1.756187614
8172,-1.202552314
8173,-1.847643902
8174,-1.564472013
8175,-2.758853144
8176,-3.095176184
8177,-3.478010701
8178,-4.877920651
8179,-4.450056316
8180,-4.080031333
8181,-3.193030375
8182,-3.16229015
8183,-3.922746357
8184,-0.259361636
8185,0.767407001
8186,0.633347315
8187,0.706845166
8188,0.773002657
8189,1.187651327
8190,0.453115493
8191,0.543036682
8192,-0.491136857
8193,-0.434532928
8194,-0.342187876
8195,0.57467729
8196,2.668649754
8197,3.62924184
8198,4.479407973
8199,4.758952462
8200,4.27828413
8201,2.045025019
8202,3.322727989
8203,0.324866674
8204,1.750883158
8205,1.569806921
8206,0.502530131
8207,1.682984448
8208,1.960426138
8209,2.420415915
8210,1.856318381
8211,0.589384943
8212,0.593374765
8213,-0.41326195
8214,-0.878286721
8215,-0.419001227
8216,-0.589790178
8217,0.594525022
8218,0.774996837
8219,0.169798514
8220,-0.784507757
8221,0.224644972
8222,-0.017751784
8223,0.35377954
8224,-0.64155735
8225,-2.341265409
8226,-0.606369975
8227,-1.592569243
8228,-0.75281589
8229,-0.590998439
8230,-0.003504179
8231,0.215358675
8232,-0.185993877
8233,-0.295566874
8234,-0.369670934
8235,0.598570927
8236,0.068146007
8237,0.345177895
8238,0.759984528
8239,1.886391767
8240,2.269068018
8241,0.431980294
8242,0.641351597
8243,1.732630376
8244,3.978549859
8245,1.836932742
8246,-0.380745957
8247,0.726038165
8248,-2.045709215
8249,0.190182972
8250,1.117273839
8251,0.234658818
8252,-2.431663973
8253,-0.163117074
8254,-2.64969016
8255,-2.44728201
8256,-0.79798406
8257,1.289653349
8258,0.585425255
8259,-2.000003692
8260,1.723311052
8261,0.694944174
8262,0.827606829
8263,-0.602406903
8264,0.421963245
8265,-0.525770683
8266,-1.619500346
8267,-1.974125115
8268,-1.905818926
8269,-2.357334727
8270,-3.632546414
8271,-2.969151279
8272,-2.067132843
8273,-0.960316788
8274,-1.986201689
8275,-2.734826781
8276,-3.844947283
8277,-3.662667538
8278,-5.12484684
8279,-5.887579592
8280,-6.343415375
8281,-5.871492557
8282,-3.991952385
8283,-4.13028504
8284,-3.171446982
8285,-1.762087329
8286,-2.351473594
8287,1.788489871
8288,3.549038758
8289,3.176078641
8290,5.623520852
8291,1.690087977
8292,-0.364718677
8293,-0.801167429
8294,-1.16962636
8295,1.074130932
8296,-2.650712157
8297,-6.618017165
8298,-7.73884812
8299,-7.565294905
8300,-6.611270805
8301,-4.713029058
8302,-2.490836281
8303,-1.924066264
8304,-0.816031184
8305,0.440558405
8306,0.032460878
8307,0.047048
8308,-1.080708419
8309,-3.541697279
8310,-5.173941703
8311,-4.195625685
8312,-4.89010987
8313,-4.345297406
8314,-2.204216813
8315,-2.6177101
8316,0.245039775
8317,-1.372183257
8318,-2.221804361
8319,-2.866168118
8320,-1.813113176
8321,-1.110483512
8322,-1.834337945
8323,-0.974102089
8324,-1.729323974
8325,-0.112675648
8326,1.703238694
8327,0.357188867
8328,1.567949167
8329,1.779538041
8330,1.280805385
8331,0.941762724
8332,0.794821131
8333,1.470359025
8334,2.415724196
8335,2.166979859
8336,3.135579608
8337,2.009473867
8338,2.762019151
8339,2.159210658
8340,1.474492428
8341,1.224345849
8342,1.790987639
8343,4.072595459
8344,1.416880921
8345,0.231176008
8346,-1.096485963
8347,-0.444971073
8348,-0.228313047
8349,-1.76100179
8350,-0.157275817
8351,-1.17145221
8352,0.993898846
8353,2.109354496
8354,3.536586093
8355,1.319953982
8356,3.97094042
8357,4.610685897
8358,4.394836618
8359,2.476031224
8360,4.288915742
8361,3.562045836
8362,2.443134267
8363,2.131949481
8364,2.068901614
8365,1.86219205
8366,-0.677205352
8367,-4.197870794
8368,-2.250901123
8369,-1.127216308
8370,0.843851398
8371,2.081839559
8372,0.219908615
8373,0.873422489
8374,-0.186788208
8375,0.366506595
8376,-0.601018801
8377,-1.122191489
8378,-0.625689435
8379,0.547476492
8380,-0.178938669
8381,-2.290863493
8382,-0.108656287
8383,-2.052584902
8384,-3.053375524
8385,-2.64727172
8386,-2.570210414
8387,-1.987736785
8388,-2.202629266
8389,-2.121866066
8390,-2.315113263
8391,-1.419386833
8392,-1.008474229
8393,-0.840956107
8394,-1.316650945
8395,-1.995437108
8396,-1.67797872
8397,-0.930353266
8398,-0.47774547
8399,-0.222149023
8400,-0.916641458
8401,0.063274207
8402,-0.867619378
8403,-1.107449708
8404,-0.270753722
8405,0.189349583
8406,-0.202169944
8407,-0.765952291
8408,-1.789415435
8409,0.133393349
8410,0.937797759
8411,1.132325919
8412,3.639889365
8413,0.931332529
8414,-0.284882116
8415,-0.870746577
8416,-1.705885626
8417,-0.734440734
8418,-1.899841699
8419,1.192701402
8420,-3.300538318
8421,-2.489668178
8422,-2.561354594
8423,-1.519955693
8424,-0.425858878
8425,-1.045817564
8426,1.354083832
8427,0.20563933
8428,-1.229065109
8429,-1.048143094
8430,-1.422228837
8431,-0.826423376
8432,-0.247604949
8433,-1.584691016
8434,1.607362256
8435,-0.137138324
8436,-1.45650421
8437,-1.65442155
8438,0.402801588
8439,-0.207184164
8440,-0.105652567
8441,0.991114639
8442,2.711981942
8443,0.175527385
8444,-2.092518505
8445,-1.75607335
8446,-1.412804151
8447,0.310489616
8448,0.771013711
8449,1.513715585
8450,0.114735666
8451,1.490412105
8452,0.463930861
8453,0.701808404
8454,0.95491738
8455,-0.567335644
8456,-2.111308343
8457,-0.10274143
8458,-2.126898235
8459,-4.636438559
8460,-0.264117482
8461,0.646823026
8462,1.414112647
8463,1.647245618
8464,2.050161461
8465,3.202697546
8466,1.633191327
8467,2.210508403
8468,3.912755233
8469,3.608323935
8470,1.635464449
8471,1.844409475
8472,0.187717845
8473,1.84139447
8474,-0.974920197
8475,-1.758558208
8476,-1.859557658
8477,-2.151519383
8478,-2.719145988
8479,-2.501688228
8480,-1.762259608
8481,-2.603003567
8482,-2.180085107
8483,-1.318390832
8484,-1.36858155
8485,-2.039616199
8486,-1.155668131
8487,-0.758769166
8488,-0.711982209
8489,-2.675137616
8490,-2.531029695
8491,-2.57658389
8492,-3.230403746
8493,-3.286791677
8494,-4.490006566
8495,-3.670321264
8496,-2.799220341
8497,-0.203249014
8498,-1.304287975
8499,-2.229574086
8500,-2.618661132
8501,-1.356946292
8502,-0.962184721
8503,-0.933213221
8504,-0.167328964
8505,-1.045205528
8506,0.112612692
8507,2.429096101
8508,0.965063686
8509,-0.982555446
8510,-3.625475071
8511,-2.628167949
8512,-3.152998248
8513,0.02315661
8514,2.861733786
8515,2.347845349
8516,1.598196986
8517,2.128844298
8518,2.499932705
8519,1.572001197
8520,2.025421802
8521,2.473453229
8522,-0.479116707
8523,0.267685093
8524,0.882021023
8525,1.759198425
8526,-1.298697422
8527,-2.757468908
8528,-1.388103164
8529,-0.516760574
8530,-0.798658363
8531,0.611515339
8532,2.677970404
8533,0.297232303
8534,-0.496085519
8535,-0.16830805
8536,-0.354175748
8537,-0.461347652
8538,0.302584064
8539,0.206860826
8540,0.346375133
8541,1.611173792
8542,4.954033474
8543,5.008336536
8544,3.962174599
8545,4.741097707
8546,5.073029133
8547,2.563769464
8548,-1.043244921
8549,-1.35364489
8550,-1.02219652
8551,-0.794644994
8552,0.356920226
8553,1.636757462
8554,1.115448659
8555,1.594080794
8556,-0.262677384
8557,-0.769072169
8558,-2.212573973
8559,-2.208257904
8560,-1.13693644
8561,-1.598807302
8562,0.250665086
8563,0.426553338
8564,1.378178509
8565,2.345139539
8566,2.327614125
8567,1.125100374
8568,1.160395613
8569,-0.953673579
8570,-0.030015535
8571,-0.921990806
8572,-0.935757716
8573,-2.047492785
8574,-0.949220354
8575,-1.547864426
8576,0.031509828
8577,0.010367912
8578,-1.150279514
8579,-0.56032732
8580,-1.114870887
8581,-1.455357956
8582,-2.752878557
8583,-3.309412308
8584,-1.839051421
8585,-2.49920027
8586,-2.156983896
8587,-2.794693488
8588,-3.175081516
8589,-3.503529069
8590,-1.653636111
8591,-3.943931505
8592,-3.774816571
8593,-1.996837495
8594,-5.235415596
8595,-6.997708188
8596,-6.67040456
8597,-4.170683893
8598,-1.631486364
8599,-2.059161249
8600,-0.454902695
8601,-0.731508793
8602,-0.616400257
8603,-0.757830204
8604,0.106463279
8605,0.553931484
8606,-0.16873066
8607,-1.834242379
8608,-2.132812234
8609,-2.360222086
8610,-0.041449869
8611,1.734109545
8612,1.745545619
8613,3.553869972
8614,5.699451427
8615,5.16324157
8616,4.978507941
8617,3.234289902
8618,2.831004846
8619,2.90286967
8620,4.520827335
8621,5.410820869
8622,2.132711958
8623,1.036110553
8624,0.451982289
8625,0.315116337
8626,0.580529171
8627,0.629187546
8628,-0.35538572
8629,0.354582147
8630,2.445822845
8631,0.766878362
8632,0.098012662
8633,-0.131611661
8634,1.582800393
8635,4.160339796
8636,-0.857339768
8637,2.00418188
8638,0.371110652
8639,-1.362556458
8640,0.731002644
8641,5.003245095
8642,8.127362738
8643,1.944087782
8644,0.61247759
8645,0.566066635
8646,-1.04382757
8647,-1.873334354
8648,-3.995395309
8649,-0.0182078
8650,4.340018446
8651,3.18197017
8652,2.433391628
8653,-0.177054501
8654,-1.828937584
8655,1.24269054
8656,-0.725097276
8657,2.440710548
8658,0.084486323
8659,-3.310040859
8660,-0.838773058
8661,-3.771696255
8662,-3.025603467
8663,-4.001122158
8664,-4.044204485
8665,-4.073101372
8666,-4.125682614
8667,-3.554649428
8668,-4.3748749
8669,-3.808814013
8670,-3.510720453
8671,-3.770910583
8672,-5.762438316
8673,-9.217579115
8674,-6.921079165
8675,-4.921071956
8676,-4.282935242
8677,-5.06527914
8678,-4.545176284
8679,-4.485256155
8680,-4.003803926
8681,-1.402511091
8682,-0.344980919
8683,1.506854165
8684,1.325855872
8685,2.711021801
8686,0.026953068
8687,0.486223241
8688,1.543513345
8689,1.473156186
8690,1.021551706
8691,-0.015770623
8692,-0.942210156
8693,0.304269642
8694,0.208639637
8695,-0.899430013
8696,-1.660657234
8697,-2.151284041
8698,-3.042924125
8699,-3.016586129
8700,-0.715144391
8701,-1.998073163
8702,-1.227132918
8703,-1.912224051
8704,-0.074313991
8705,-0.298908756
8706,-1.03646368
8707,0.889451987
8708,1.551582072
8709,1.738169161
8710,1.658612826
8711,1.349740852
8712,2.018274935
8713,1.477013925
8714,0.734906047
8715,1.050747517
8716,0.241667798
8717,1.5173493
8718,1.758114774
8719,3.544604108
8720,3.273983454
8721,4.874490313
8722,7.114558877
8723,4.774219667
8724,3.871697355
8725,1.991165695
8726,-0.418801914
8727,-1.542254937
8728,-5.251114167
8729,-8.880679549
8730,-7.476542205
8731,-5.260403543
8732,-3.483983309
8733,-0.66743931
8734,0.992692575
8735,-0.609151117
8736,0.912691434
8737,4.177913301
8738,-1.768868411
8739,-2.62817044
8740,-0.946673323
8741,-1.588664894
8742,1.466356443
8743,-0.055797136
8744,-2.287187718
8745,-4.137797519
8746,-6.338455385
8747,-2.83420846
8748,-4.068494073
8749,-1.44306974
8750,-1.093956299
8751,-0.842811258
8752,0.118797646
8753,0.652875344
8754,0.237437534
8755,0.755669744
8756,2.122501111
8757,2.631676208
8758,2.330681695
8759,2.092794803
8760,3.239430266
8761,3.912226853
8762,3.355592193
8763,3.143531464
8764,3.758715583
8765,2.802933923
8766,1.366953097
8767,-0.002387407
8768,-0.933542434
8769,-1.696582695
8770,-0.513692106
8771,0.723947832
8772,-0.252743276
8773,1.915921315
8774,-0.527820716
8775,-1.821443659
8776,-2.674592002
8777,-5.727590085
8778,-7.286583672
8779,-6.267080869
8780,-6.024058365
8781,-3.598415405
8782,-3.392328517
8783,-4.411405806
8784,-3.954938431
8785,-2.277086144
8786,-0.427012042
8787,0.305921718
8788,0.802375935
8789,2.141186319
8790,0.482539035
8791,-0.754135827
8792,0.656711967
8793,-1.269607709
8794,-0.911443302
8795,0.332711722
8796,-1.816748189
8797,-2.226735559
8798,-2.16902435
8799,-2.166666192
8800,-0.81284886
8801,-2.812523012
8802,-1.056521262
8803,-2.431590046
8804,-1.236441707
8805,-2.09807939
8806,-1.266971288
8807,0.860448394
8808,-2.105743556
8809,-5.474480124
8810,-5.763768778
8811,-3.751246233
8812,-4.204839862
8813,-3.510092868
8814,-4.901250385
8815,-1.285985276
8816,-0.463044058
8817,-0.331337986
8818,0.381624605
8819,0.940453517
8820,1.381133082
8821,0.236555633
8822,-0.1582017
8823,0.448309624
8824,-1.603977338
8825,-3.412315046
8826,-4.007391778
8827,-3.125188653
8828,-2.303695327
8829,-3.440261816
8830,-4.194793082
8831,-2.622698035
8832,-0.595154537
8833,-0.388071629
8834,1.487989722
8835,0.35000268
8836,-0.635469383
8837,-1.381887409
8838,-4.675066126
8839,0.520210449
8840,4.495768464
8841,3.014873151
8842,0.963770775
8843,-0.725822815
8844,0.134551282
8845,-0.05940445
8846,1.699923115
8847,0.941463459
8848,2.659405498
8849,2.150011419
8850,2.148780733
8851,1.419607168
8852,1.418023533
8853,0.423561715
8854,0.875302749
8855,0.535739223
8856,0.432694109
8857,0.471565127
8858,0.325139935
8859,1.101025485
8860,-0.943899709
8861,-1.12978601
8862,-1.219926821
8863,-1.502324179
8864,-0.996407468
8865,-2.16388679
8866,-3.178603175
8867,-1.48142491
8868,-1.217133508
8869,0.026002799
8870,-0.617097352
8871,-1.896654668
8872,-2.855627149
8873,-2.556747643
8874,-1.407695636
8875,-2.952335639
8876,-1.822024928
8877,-1.562193668
8878,-0.65780536
8879,-0.697414125
8880,-1.580870565
8881,-2.612246434
8882,-3.721626843
8883,-3.954091175
8884,-3.924224875
8885,-2.593062959
8886,-0.637374341
8887,-1.132337827
8888,1.183392291
8889,3.380328813
8890,3.287011889
8891,2.975835716
8892,1.693361117
8893,2.124263279
8894,1.247784059
8895,1.440154298
8896,1.790402777
8897,0.828879726
8898,2.239280006
8899,2.178949815
8900,0.713899703
8901,1.933824838
8902,1.97444928
8903,2.629944242
8904,1.791910951
8905,2.264554336
8906,1.170749018
8907,1.393583517
8908,2.446494268
8909,0.827169029
8910,0.813219098
8911,0.762186194
8912,0.562560624
8913,-0.460599141
8914,0.305303607
8915,1.615539417
8916,1.85499249
8917,1.597536964
8918,2.893416257
8919,3.191863238
8920,3.320721492
8921,1.145585136
8922,0.304223422
8923,-1.74653618
8924,-0.421113253
8925,-0.507308724
8926,-1.159985231
8927,-1.49277624
8928,0.648029452
8929,1.629329142
8930,1.407837398
8931,-0.129521113
8932,0.222242237
8933,-0.222053983
8934,0.18718223
8935,0.053437299
8936,0.151758729
8937,1.082451879
8938,0.780194712
8939,-0.132425432
8940,0.012372433
8941,-1.251114129
8942,-1.090483132
8943,-3.038670887
8944,-1.614476444
8945,-1.310231205
8946,-0.379377736
8947,-0.911383592
8948,-2.180244782
8949,-1.435844385
8950,-1.416358053
8951,-0.742433866
8952,0.092515615
8953,-1.442153325
8954,0.63596712
8955,-0.841976157
8956,-2.072496453
8957,-4.084751608
8958,-0.916240159
8959,1.663555495
8960,0.434814621
8961,-0.850546141
8962,0.425234342
8963,-1.444563964
8964,-1.1451518
8965,-1.742641278
8966,-1.647770585
8967,-2.049003933
8968,-1.844796804
8969,-2.007832444
8970,-0.395790737
8971,0.83943925
8972,2.501946442
8973,-1.295960432
8974,-2.454460378
8975,-0.113303973
8976,0.69546431
8977,2.972136236
8978,3.751100743
8979,0.787323105
8980,-2.61196629
8981,-0.979316297
8982,0.207503489
8983,2.974179314
8984,0.403857205
8985,-0.141121858
8986,-0.392953904
8987,-0.586286057
8988,-1.517349119
8989,0.27289222
8990,-0.228434911
8991,-1.200200054
8992,-1.472467674
8993,-0.527283618
8994,-1.524694947
8995,-1.120608264
8996,-1.192074298
8997,-1.454437921
8998,-0.608287699
8999,-0.995571081
9000,-1.591502883
9001,0.384466406
9002,2.707599945
9003,0.009341834
9004,-0.336042091
9005,0.421469144
9006,-0.594295818
9007,0.56711536
9008,-0.959849974
9009,-0.393226612
9010,-0.257607968
9011,1.519198388
9012,2.256218958
9013,3.08842228
9014,3.618057846
9015,1.727038996
9016,0.878404682
9017,0.874884708
9018,1.848003953
9019,0.806759464
9020,0.626749928
9021,0.547287662
9022,0.019176337
9023,0.462114402
9024,-0.15165536
9025,-1.000916784
9026,-0.402253039
9027,0.157001795
9028,1.540106543
9029,-0.752828718
9030,-0.353309658
9031,-0.059868916
9032,0.416098635
9033,-1.425051868
9034,-1.901012271
9035,-2.823516988
9036,-3.384794133
9037,-2.867054647
9038,-2.727955522
9039,-2.286941402
9040,-1.845557087
9041,-1.624664994
9042,-0.539089591
9043,-1.151489811
9044,-1.288835471
9045,-1.231164911
9046,-0.751884535
9047,0.229379483
9048,0.134627561
9049,-0.980578205
9050,-0.183719623
9051,1.722753212
9052,-1.557918275
9053,0.322833152
9054,-1.432223303
9055,0.692566149
9056,-3.233869113
9057,0.328617333
9058,0.363059038
9059,-0.783678194
9060,1.654350518
9061,0.09945131
9062,1.379938469
9063,1.870626007
9064,1.51037764
9065,-0.88823768
9066,-1.021366526
9067,0.185806526
9068,-0.369626445
9069,0.052373321
9070,0.315325795
9071,0.61373963
9072,-0.019245819
9073,0.280917133
9074,0.63010198
9075,0.356298319
9076,0.184182679
9077,0.02394489
9078,1.379102975
9079,1.486178311
9080,0.789458193
9081,2.217442246
9082,1.027256858
9083,0.211872036
9084,0.736620822
9085,0.384456258
9086,0.952460115
9087,-0.592974538
9088,-0.229603485
9089,0.201673273
9090,0.269351279
9091,-0.385355571
9092,-1.728653169
9093,1.387150987
9094,2.923780945
9095,2.451989018
9096,1.717516187
9097,-1.171162682
9098,0.249004761
9099,-2.467922791
9100,0.576762387
9101,1.871251981
9102,3.491954479
9103,2.436352031
9104,2.620337047
9105,2.38550797
9106,0.485623218
9107,1.191852373
9108,1.528373441
9109,1.30419413
9110,0.654260351
9111,0.057388337
9112,0.266492107
9113,0.151427713
9114,0.989659023
9115,0.951245892
9116,-0.679656359
9117,1.339376211
9118,0.507405207
9119,1.249064421
9120,1.317353708
9121,0.652124774
9122,3.286793012
9123,1.85829035
9124,0.783358633
9125,2.018784013
9126,-0.243685277
9127,3.275224996
9128,6.103447193
9129,8.19636918
9130,8.993868161
9131,6.231260072
9132,7.166858554
9133,5.844013932
9134,2.387736552
9135,1.296058598
9136,1.684657996
9137,-0.620387901
9138,-1.850471457
9139,-2.106714603
9140,-2.637160762
9141,-1.448149619
9142,-1.530984004
9143,-0.966948399
9144,-1.92955568
9145,-3.419336636
9146,-4.747665687
9147,-5.551636367
9148,-3.463279679
9149,-3.11557299
9150,-1.170482207
9151,-0.633865054
9152,-0.854310451
9153,-0.489440354
9154,0.231492412
9155,0.503898794
9156,0.076516124
9157,-1.404560177
9158,0.65259749
9159,0.433763995
9160,1.837415925
9161,4.517269257
9162,1.544040903
9163,1.613637167
9164,0.247186789
9165,-1.585512601
9166,-0.116232199
9167,-3.208913611
9168,0.741908503
9169,0.807361599
9170,1.683445717
9171,1.298588386
9172,-0.543844207
9173,0.543391327
9174,2.194568825
9175,2.173411778
9176,2.232459027
9177,0.340993622
9178,1.082755332
9179,0.139419172
9180,-1.047299173
9181,-1.374642047
9182,-0.399268805
9183,0.744521498
9184,0.516689957
9185,-0.185308832
9186,1.071394907
9187,1.192540323
9188,1.742147505
9189,1.096324917
9190,1.116323688
9191,0.238509727
9192,1.757698069
9193,4.562236397
9194,2.576795428
9195,2.557876529
9196,2.109033302
9197,1.851023521
9198,1.243349862
9199,0.433650926
9200,2.039292827
9201,2.166327276
9202,2.312159846
9203,1.53903504
9204,-0.288338432
9205,-1.451111254
9206,0.83804846
9207,-0.811275619
9208,-2.036715182
9209,0.325392518
9210,1.2476659
9211,0.947359561
9212,1.704571337
9213,-0.852798781
9214,4.144935701
9215,-5.847569736
9216,0.553728861
9217,-4.687349615
9218,-1.125096229
9219,0.742418472
9220,1.072521101
9221,1.137328371
9222,1.609310538
9223,-0.601547013
9224,-2.824245447
9225,-2.781137411
9226,-1.033721226
9227,-1.467825259
9228,-0.25417486
9229,1.757681478
9230,0.29059785
9231,0.809296581
9232,-0.542882819
9233,0.85089207
9234,0.549419474
9235,-0.526980422
9236,-0.835795323
9237,-0.784237853
9238,0.027915747
9239,1.315236092
9240,1.858372658
9241,0.453221115
9242,0.5533738
9243,1.050395159
9244,1.619848634
9245,2.836699678
9246,4.433188351
9247,4.521281629
9248,5.640785212
9249,3.339730181
9250,2.234448702
9251,1.342452732
9252,-0.769733257
9253,0.446694036
9254,-1.417927627
9255,1.72003573
9256,2.939251211
9257,4.09088128
9258,3.879775572
9259,3.540136859
9260,2.464262745
9261,4.012315739
9262,3.625886594
9263,2.324381169
9264,1.875454927
9265,3.273803287
9266,4.36821072
9267,4.813439559
9268,3.942001794
9269,3.865968477
9270,2.387474093
9271,2.510478929
9272,0.963084811
9273,1.076844894
9274,0.86402321
9275,1.00716809
9276,0.178195374
9277,0.327927331
9278,-0.148021098
9279,-0.61413119
9280,-0.539951816
9281,-1.207239915
9282,-1.932383532
9283,-3.875205255
9284,-1.039277124
9285,1.712167147
9286,-2.468274217
9287,-3.430252584
9288,-3.457188186
9289,-0.944863201
9290,0.468909219
9291,-1.186400203
9292,-1.065907491
9293,-1.769667796
9294,-1.47326437
9295,-0.370203494
9296,1.255086471
9297,1.019074086
9298,0.859427712
9299,2.442236254
9300,1.738397732
9301,2.157951309
9302,2.856982008
9303,1.155151041
9304,2.655588254
9305,7.476205351
9306,8.046364208
9307,5.103704318
9308,3.121180575
9309,2.19446119
9310,1.312891631
9311,1.224307818
9312,1.598552033
9313,-0.557784441
9314,0.600344967
9315,0.64551533
9316,0.95009864
9317,0.707817843
9318,-0.020450511
9319,-0.003292964
9320,-0.79041132
9321,-2.389708304
9322,-2.092918573
9323,-2.245977663
9324,-2.717118419
9325,-1.98156695
9326,-3.134392558
9327,-4.148815209
9328,-2.981758133
9329,-2.910358223
9330,-2.617496508
9331,-0.889084754
9332,-1.323089568
9333,-1.351120882
9334,-1.319605248
9335,-0.441361883
9336,-0.489168031
9337,-0.67360811
9338,0.244145266
9339,-0.702891816
9340,-1.121628331
9341,-1.106044203
9342,-0.719680041
9343,-1.098871386
9344,-1.191350518
9345,-2.269415679
9346,-0.202582372
9347,1.773943364
9348,5.433302225
9349,1.684234013
9350,-0.283922236
9351,3.24050843
9352,-0.46372492
9353,-2.160087929
9354,-2.132939287
9355,-2.163763426
9356,-2.004809233
9357,-1.876183373
9358,-1.12015513
9359,-1.574241119
9360,-0.900529362
9361,0.972453655
9362,3.47515414
9363,0.21508428
9364,-0.671915969
9365,-1.320680205
9366,0.176981717
9367,1.672732328
9368,0.131103811
9369,-0.220210992
9370,0.007207463
9371,0.503336395
9372,0.186336119
9373,1.222931273
9374,-0.046778505
9375,-1.432431446
9376,0.068675511
9377,-1.807200933
9378,-0.968573692
9379,-0.292912348
9380,-0.638596897
9381,-2.469037028
9382,-1.251395927
9383,-1.76458127
9384,-1.346807486
9385,-1.787566123
9386,-2.659830146
9387,-2.809650391
9388,-1.594116601
9389,-1.478949655
9390,0.094344096
9391,2.218777984
9392,1.746012534
9393,1.139600129
9394,1.830670554
9395,0.616860483
9396,-0.947995254
9397,-0.323788098
9398,0.142643106
9399,0.579458786
9400,2.698243853
9401,2.596108312
9402,2.432413175
9403,3.384499293
9404,3.3055303
9405,3.855052328
9406,5.551353762
9407,0.944112916
9408,-0.569251882
9409,0.744970375
9410,-0.101683598
9411,0.526098392
9412,0.386532444
9413,0.745607115
9414,-0.274300523
9415,-0.167803318
9416,1.977288816
9417,2.683090838
9418,2.924292154
9419,3.74867153
9420,1.398438885
9421,-0.314057232
9422,-0.7158446
9423,-2.170857537
9424,-1.41868551
9425,0.032916675
9426,-1.267911337
9427,-1.514612858
9428,-0.422843908
9429,0.492694721
9430,1.778723188
9431,-2.165458203
9432,1.418613401
9433,2.329745049
9434,0.777369387
9435,4.181581296
9436,2.871110794
9437,0.727937904
9438,1.386479447
9439,0.829254683
9440,-1.342790559
9441,-0.638173572
9442,-0.075756362
9443,-0.342308687
9444,1.112636651
9445,-0.188867567
9446,-0.417404833
9447,-0.191751699
9448,0.26950869
9449,-1.032831136
9450,-2.771533714
9451,-1.831312784
9452,-2.990002861
9453,-2.83637507
9454,-2.868093086
9455,-0.508695611
9456,-1.467328486
9457,-1.393294237
9458,-2.278696757
9459,-1.605186562
9460,-2.367620249
9461,-0.652837624
9462,-0.413391522
9463,0.691528104
9464,2.885778005
9465,2.290654138
9466,1.550046992
9467,2.332949124
9468,2.687738304
9469,1.017226351
9470,0.085592577
9471,0.332285345
9472,-1.716658704
9473,-0.607072769
9474,-1.346593937
9475,-0.986203958
9476,-0.365472934
9477,0.092636118
9478,1.406531376
9479,2.900521868
9480,-0.175197779
9481,-0.060659453
9482,0.539916774
9483,0.965990494
9484,-1.310551316
9485,2.534583047
9486,1.405305652
9487,0.370002137
9488,0.181742153
9489,-1.116161248
9490,-0.022236172
9491,0.952822833
9492,0.672092969
9493,0.795304302
9494,0.977413689
9495,0.42886933
9496,-0.160397559
9497,-1.545253608
9498,-2.391708042
9499,-1.838066206
9500,-2.960263311
9501,-4.112477026
9502,-2.367374905
9503,-3.060208113
9504,-3.356323704
9505,-4.978120109
9506,-5.531198576
9507,-3.762113347
9508,-2.121824665
9509,-1.259604965
9510,-1.729941208
9511,0.927475137
9512,-1.30795143
9513,2.522062348
9514,-3.114175925
9515,-0.608787209
9516,-1.239793373
9517,-0.620976092
9518,0.826987241
9519,1.69005397
9520,0.938293646
9521,1.145102187
9522,1.211692063
9523,0.098995889
9524,0.202383997
9525,-0.320521481
9526,-0.860431005
9527,0.04811558
9528,2.519825416
9529,2.845415293
9530,4.428336901
9531,1.873890634
9532,2.2100648
9533,2.337814595
9534,1.191295428
9535,-0.445773448
9536,-0.096141793
9537,-2.096302532
9538,-5.021682954
9539,-5.917178611
9540,-4.156393152
9541,-5.060304478
9542,-1.661939036
9543,-0.814299139
9544,-1.164205297
9545,-0.372558217
9546,-2.031693484
9547,-2.191334264
9548,-0.654511395
9549,-3.168291134
9550,1.312010553
9551,-1.666839374
9552,-1.747357668
9553,-0.171752518
9554,-1.243769879
9555,-0.223854869
9556,-0.564725072
9557,-0.043360715
9558,-0.458264017
9559,0.78908099
9560,0.895453424
9561,1.523658355
9562,0.286082962
9563,-2.57620819
9564,-7.324102633
9565,-2.369313763
9566,0.708789077
9567,-1.139975866
9568,-1.387421988
9569,-0.422536591
9570,2.037709902
9571,0.863588447
9572,1.031106571
9573,2.01594854
9574,3.01778753
9575,3.989730332
9576,2.0071354
9577,2.67335741
9578,-0.060480595
9579,1.971083895
9580,3.956945894
9581,1.628258401
9582,2.693332979
9583,2.505384628
9584,2.031047319
9585,1.978093082
9586,1.123594555
9587,0.403761077
9588,-0.47425461
9589,-2.605273333
9590,-2.203779206
9591,-2.168602643
9592,0.249851237
9593,1.503195593
9594,1.123152653
9595,-1.553779929
9596,0.504595667
9597,1.006709842
9598,1.314249093
9599,-0.711837569
9600,0.593765629
9601,1.041895598
9602,2.377049444
9603,3.334969363
9604,3.853118591
9605,4.38515301
9606,2.202578542
9607,0.133027145
9608,-1.134367896
9609,-0.133423152
9610,-0.743858672
9611,-1.498086457
9612,-0.443245906
9613,0.536467602
9614,0.675638768
9615,0.34234972
9616,-0.376012214
9617,0.85479393
9618,-1.268506374
9619,-1.471176449
9620,-1.259967711
9621,-0.919051383
9622,-0.005030726
9623,-0.294866452
9624,0.850545945
9625,0.15590232
9626,0.716813766
9627,-1.300052283
9628,-0.464797613
9629,-0.946384792
9630,-0.248909626
9631,-0.360977449
9632,1.080648229
9633,2.758396046
9634,0.245075125
9635,-0.031337288
9636,1.866260975
9637,-1.675010353
9638,-6.030733951
9639,-7.200884572
9640,-4.837513774
9641,-2.742182907
9642,-4.483464287
9643,-3.405376926
9644,-1.597578248
9645,-0.362455677
9646,1.920033669
9647,2.181336568
9648,1.403733889
9649,2.28614826
9650,3.724002428
9651,3.477014345
9652,3.232607045
9653,1.239798292
9654,3.320629959
9655,3.283173997
9656,3.321068922
9657,3.08364981
9658,4.073328068
9659,2.35544265
9660,3.222571215
9661,4.37742475
9662,4.897080069
9663,3.893410926
9664,4.143763578
9665,3.16196419
9666,2.332532559
9667,2.703840455
9668,1.530647363
9669,2.491559612
9670,2.094660931
9671,0.867879283
9672,2.458286527
9673,-1.261043419
9674,-5.108473995
9675,-4.921068047
9676,-2.5932377
9677,-1.855697369
9678,-2.011774882
9679,-2.207132993
9680,-2.154978859
9681,-2.163559682
9682,-3.598620515
9683,-2.741610971
9684,-2.743831442
9685,-1.646057717
9686,-1.514933392
9687,-1.602041086
9688,-2.545293403
9689,-2.114538872
9690,-1.106507593
9691,-0.63489034
9692,-1.432341132
9693,-1.280495892
9694,-0.745065257
9695,-0.123158127
9696,0.2872384
9697,-0.193156727
9698,-1.433051635
9699,-0.542431798
9700,-0.843213366
9701,-1.173520082
9702,-1.132325632
9703,-0.137732013
9704,0.011675686
9705,0.075898344
9706,-1.413074709
9707,-1.608777659
9708,-1.549038244
9709,-0.172251129
9710,0.803266562
9711,1.726703155
9712,2.665110766
9713,2.655243342
9714,0.603878069
9715,1.551504213
9716,3.168594884
9717,3.414338948
9718,3.107073109
9719,2.076051485
9720,0.029147299
9721,-2.956444569
9722,-1.823651533
9723,-0.170986465
9724,-0.488638645
9725,-0.398717314
9726,-1.050527084
9727,-0.865943266
9728,0.015082273
9729,1.375749878
9730,0.848162166
9731,2.180574836
9732,2.291908119
9733,2.453152362
9734,1.173577582
9735,-0.970588146
9736,-2.489816409
9737,-0.693950025
9738,1.321956197
9739,3.683243076
9740,2.592203382
9741,1.808776522
9742,1.449855128
9743,1.745034249
9744,1.358385198
9745,0.415488476
9746,-1.942904166
9747,-0.23291549
9748,-1.864220764
9749,-0.791744288
9750,0.328415704
9751,-0.281685287
9752,-2.135728474
9753,-1.878490818
9754,-1.536979992
9755,-1.070576915
9756,-1.840850484
9757,0.985990879
9758,1.349183365
9759,0.871093996
9760,0.737272295
9761,0.292664047
9762,-0.019271243
9763,-0.191663851
9764,1.527263401
9765,-1.760852469
9766,2.366958574
9767,5.855896978
9768,3.361389389
9769,3.286129831
9770,3.021374816
9771,3.042558579
9772,4.787578983
9773,7.335206639
9774,9.598372965
9775,9.237822629
9776,10.28970077
9777,5.949265518
9778,6.412349884
9779,5.244103751
9780,4.81356482
9781,4.155992367
9782,2.532051925
9783,4.02112024
9784,5.432248114
9785,4.512852619
9786,3.262439899
9787,3.861210532
9788,4.424091125
9789,3.750708355
9790,3.779491598
9791,4.035176349
9792,5.668224335
9793,5.095926413
9794,4.023775864
9795,2.570570652
9796,1.139819053
9797,2.475415928
9798,4.184181567
9799,5.206292266
9800,4.490275963
9801,4.441975768
9802,1.67412001
9803,0.214263107
9804,0.184660665
9805,-0.028976007
9806,-2.025248854
9807,-1.257253172
9808,0.968608278
9809,1.776507059
9810,1.561062135
9811,1.665288176
9812,0.764126408
9813,1.138405364
9814,1.07488833
9815,-0.388324604
9816,-1.173322079
9817,0.865851269
9818,-1.209434439
9819,0.423830615
9820,0.875394952
9821,0.325713823
9822,0.686065882
9823,1.238167222
9824,-0.211631969
9825,0.962664626
9826,0.996613261
9827,2.54351635
9828,2.303590679
9829,1.826236676
9830,0.891571543
9831,-0.051458985
9832,-0.046585664
9833,-0.577764099
9834,0.522742066
9835,-0.443239851
9836,0.290929141
9837,-0.217658129
9838,1.282120108
9839,-0.015168679
9840,0.61754655
9841,1.497486985
9842,1.136040824
9843,1.22404571
9844,0.092879982
9845,-0.201992572
9846,-1.03745144
9847,-3.084923908
9848,-2.204572674
9849,-2.197285421
9850,-2.161398426
9851,-2.046828655
9852,-1.250699835
9853,-2.725849494
9854,-1.525722938
9855,-0.555679528
9856,-0.513354879
9857,-0.469913781
9858,0.233403332
9859,0.959770658
9860,2.320802762
9861,0.284844449
9862,-2.264261566
9863,3.097962475
9864,-4.116426426
9865,-20.18952634
9866,-15.53845573
9867,-12.71869804
9868,-9.959640734
9869,-7.264057931
9870,-6.836650105
9871,-5.603042394
9872,-4.21214112
9873,-4.051726668
9874,-4.123006314
9875,-2.199718369
9876,-1.072741527
9877,-1.774012267
9878,-2.780126347
9879,-5.296622012
9880,-4.504593081
9881,-3.088208311
9882,-3.15763498
9883,-4.23205657
9884,-2.875313576
9885,-1.559444023
9886,-0.648072088
9887,-1.7597741
9888,-1.308634145
9889,-2.497192906
9890,-2.018455797
9891,-0.447114915
9892,0.346287817
9893,-0.425192071
9894,-0.48511396
9895,-0.230756832
9896,-1.750162954
9897,-1.158847236
9898,-1.2281863
9899,-0.935217765
9900,-0.377989122
9901,0.05534354
9902,-0.838203206
9903,0.445632267
9904,1.096224423
9905,-0.860229913
9906,1.030754185
9907,1.17622148
9908,2.070084097
9909,1.79161302
9910,2.117004023
9911,0.665104832
9912,4.934502415
9913,2.384596056
9914,3.68921728
9915,4.737911319
9916,3.796757965
9917,3.280198395
9918,2.225757843
9919,2.263381504
9920,0.61491438
9921,0.364944218
9922,1.416532685
9923,2.79910515
9924,3.014921126
9925,1.630095998
9926,1.913380705
9927,1.552040726
9928,1.431321996
9929,1.484280559
9930,0.280981771
9931,0.24196907
9932,-0.200493431
9933,-1.314885443
9934,0.700314601
9935,-0.608921965
9936,-2.381253983
9937,-4.673245405
9938,2.798363142
9939,7.656100834
9940,3.486238533
9941,-0.971893315
9942,-1.687204402
9943,-3.086890634
9944,-1.076909028
9945,1.458100251
9946,-0.07648007
9947,1.366971513
9948,-0.837578119
9949,-1.288604808
9950,-0.851630446
9951,-1.215815744
9952,-2.385504881
9953,-0.313305602
9954,-2.19855199
9955,0.866894078
9956,-0.364199012
9957,-1.69580652
9958,-0.360514789
9959,0.862464434
9960,-0.211080754
9961,-0.429162445
9962,-0.746152703
9963,0.59020343
9964,1.449633479
9965,1.672545867
9966,1.802381304
9967,1.981260044
9968,2.568287091
9969,1.94769791
9970,3.488625466
9971,1.788008751
9972,1.611014083
9973,1.78613047
9974,1.563401535
9975,2.280736875
9976,1.04394734
9977,-0.492186842
9978,-1.544760746
9979,-2.63442335
9980,1.741945917
9981,-1.75878741
9982,-0.854917594
9983,-0.279930942
9984,-1.901858778
9985,-2.47431561
9986,-2.465379968
9987,-1.826570297
9988,-1.061748336
9989,-1.614062996
9990,-0.242064237
9991,-2.409483098
9992,-4.773401503
9993,-6.34826641
9994,-5.217989947
9995,-5.69090947
9996,-2.889631571
9997,-0.731435795
9998,1.228294922
9999,1.904513813
10000,1.898175642
10001,2.422782396
10002,1.252158004
10003,1.249083232
10004,1.510098272
10005,1.910896547
10006,1.070108761
10007,0.609373344
10008,0.583294282
10009,0.543561067
10010,-0.601782972
10011,-1.62941838
10012,0.068242155
10013,-0.196864125
10014,0.62890924
10015,1.526902404
10016,0.296703931
10017,-2.378025263
10018,0.24351137
10019,-2.46146222
10020,-2.98290938
10021,-0.880541859
10022,-0.992991143
10023,-1.327099513
10024,-0.66730211
10025,1.193118254
10026,-0.371015292
10027,1.208782051
10028,1.697095197
10029,2.501135217
10030,2.588610759
10031,1.944580818
10032,3.069933749
10033,1.848011091
10034,2.67419496
10035,2.7121311
10036,3.087185652
10037,1.399250581
10038,3.070530444
10039,3.249145069
10040,4.072857012
10041,4.409183038
10042,3.891226329
10043,3.777133044
10044,3.155180049
10045,2.745557583
10046,0.677868386
10047,-1.538878407
10048,-3.762735306
10049,-3.993631387
10050,-4.002011634
10051,-3.70684617
10052,-2.881637325
10053,-0.289820759
10054,-2.023299321
10055,-0.730896323
10056,0.520367954
10057,-0.414150377
10058,0.920766931
10059,2.05285625
10060,2.822616368
10061,2.210747284
10062,0.169238308
10063,-0.871953873
10064,0.541810333
10065,-1.764651482
10066,-2.698441304
10067,-0.544071021
10068,0.849408818
10069,-1.292184843
10070,-0.397645252
10071,-0.018125567
10072,-0.73294054
10073,-1.439789652
10074,-1.818342215
10075,-0.791729972
10076,-1.05590372
10077,-1.029569884
10078,-0.908682553
10079,-1.382306541
10080,-0.356155884
10081,-0.130226822
10082,-1.398117842
10083,-0.888209968
10084,1.724370739
10085,2.525098204
10086,0.700547929
10087,-0.780364241
10088,-1.091482288
10089,-0.325061141
10090,-1.316797653
10091,-1.262696828
10092,-0.706117543
10093,0.122232813
10094,-0.455046461
10095,0.756250258
10096,1.154672163
10097,2.1574584
10098,2.9067283
10099,3.595377511
10100,1.613886754
10101,-0.339340846
10102,0.358799349
10103,-0.504696664
10104,0.360191184
10105,2.241326811
10106,0.676080839
10107,0.877710688
10108,0.340557917
10109,-1.802751402
10110,-3.067683938
10111,-4.394286013
10112,-3.675675375
10113,-4.03981739
10114,-4.703886977
10115,-3.360415509
10116,-3.088139857
10117,-1.343031599
10118,-0.295697987
10119,-0.977917066
10120,-0.861197291
10121,-1.468648323
10122,-3.136336336
10123,-2.07295133
10124,-2.513911872
10125,-2.301455136
10126,-1.53936691
10127,-1.538299149
10128,-1.799633205
10129,-0.223949657
10130,-2.992107367
10131,-5.636493997
10132,-3.717667867
10133,-2.065708644
10134,-3.053504973
10135,-2.575098846
10136,-1.950740404
10137,-2.23594276
10138,-2.172915246
10139,0.376845913
10140,-2.069087425
10141,0.052572482
10142,-3.416869691
10143,1.798845037
10144,4.726919996
10145,6.492144475
10146,5.419734169
10147,4.176525511
10148,2.921448212
10149,2.161963386
10150,-0.286572861
10151,-0.416148737
10152,-1.478925333
10153,-0.841452351
10154,-0.618250275
10155,1.098153251
10156,1.284793549
10157,1.901293985
10158,-0.433734318
10159,-0.75780736
10160,-1.928108237
10161,-0.079869643
10162,-1.431374044
10163,1.147312712
10164,1.590393481
10165,3.390647882
10166,-1.640736648
10167,5.465530076
10168,7.975809405
10169,3.685048522
10170,0.875003033
10171,0.247726813
10172,-1.133772471
10173,-1.410986694
10174,0.174862966
10175,-1.457225352
10176,-3.0159608
10177,-3.797119858
10178,-3.706309297
10179,-2.110425924
10180,-1.57654102
10181,-1.374389622
10182,-0.074652631
10183,1.026850929
10184,-2.043798233
10185,-0.458377646
10186,-2.11122281
10187,-0.922879087
10188,-0.972240215
10189,0.217802379
10190,-0.769878761
10191,0.126384941
10192,0.329216216
10193,-2.405308079
10194,-1.430974705
10195,-1.553391805
10196,-0.953410707
10197,-0.350553243
10198,0.247394589
10199,1.06098262
10200,1.402289564
10201,-0.484046671
10202,1.25892421
10203,-2.130416721
10204,-5.792417125
10205,2.368184762
10206,4.763634558
10207,6.097536845
10208,5.663959799
10209,5.021773486
10210,2.528350307
10211,5.829865243
10212,4.181385516
10213,2.361895768
10214,1.455407594
10215,0.297644719
10216,0.306501993
10217,-0.835703142
10218,-2.095755337
10219,-2.510370934
10220,-3.292715487
10221,-3.272923236
10222,-0.892727919
10223,-0.632618825
10224,0.460325054
10225,-0.189511096
10226,-0.131260543
10227,0.493778797
10228,0.023321342
10229,-0.359090993
10230,0.465752557
10231,1.349892402
10232,1.448097682
10233,3.220795045
10234,4.658573388
10235,5.847449134
10236,6.099445319
10237,4.957954303
10238,2.50325007
10239,1.624961315
10240,0.942450216
10241,3.012912846
10242,5.185445975
10243,4.367913018
10244,2.597501016
10245,1.82897384
10246,1.23945382
10247,1.880172109
10248,3.633282398
10249,2.716833684
10250,1.980115473
10251,-0.411417854
10252,-2.712694399
10253,-5.490688774
10254,-5.999189968
10255,-5.25500911
10256,-4.310578586
10257,-3.110504024
10258,-2.444726887
10259,-2.191783242
10260,-1.046241847
10261,-0.606504133
10262,0.343436719
10263,1.294225123
10264,2.171335046
10265,2.590560958
10266,4.393876347
10267,3.862780326
10268,3.143611727
10269,2.449916699
10270,2.612094674
10271,1.984086651
10272,1.139242834
10273,-0.13237286
10274,-0.813335197
10275,-1.966731458
10276,-2.468695378
10277,-1.962272406
10278,0.093229494
10279,-0.108052076
10280,1.508162457
10281,0.47292513
10282,-0.332364713
10283,0.910093517
10284,0.563850687
10285,-1.532926398
10286,-1.14565719
10287,0.156989905
10288,0.806684894
10289,0.208668624
10290,-1.83772378
10291,-0.966928508
10292,-1.354833401
10293,-1.152773663
10294,-2.728683279
10295,-3.398463728
10296,-2.330676236
10297,-1.423309173
10298,-0.384609003
10299,1.725546275
10300,1.655070381
10301,2.184172208
10302,1.150505772
10303,2.025851314
10304,1.974072609
10305,0.535690943
10306,0.144538909
10307,-0.203515496
10308,0.590431224
10309,2.386277098
10310,1.795020489
10311,3.125873599
10312,3.267098232
10313,2.858777849
10314,3.652376481
10315,2.844719648
10316,2.975378133
10317,2.767704611
10318,2.487688051
10319,2.412389002
10320,1.505122063
10321,1.001159344
10322,1.690302793
10323,-0.12242756
10324,-0.954413822
10325,0.791606581
10326,0.840377306
10327,0.809282319
10328,-0.254379741
10329,-1.840202001
10330,-0.994579718
10331,-0.485864818
10332,0.279265705
10333,-1.301457576
10334,-2.56889851
10335,-0.214681973
10336,-1.045668647
10337,0.605882928
10338,-0.870367851
10339,-0.796320127
10340,-0.666243915
10341,-0.159163483
10342,0.988879298
10343,-0.382080574
10344,-3.289696536
10345,-2.725386632
10346,-1.524356388
10347,-0.124466603
10348,-1.611990744
10349,-2.718698973
10350,-3.663447737
10351,-0.444747252
10352,1.899484898
10353,4.938386863
10354,6.387515887
10355,6.723258829
10356,4.156617226
10357,4.535628045
10358,5.703113351
10359,2.954679562
10360,3.556933222
10361,2.462484723
10362,0.948439569
10363,2.167591487
10364,1.909941868
10365,0.692341625
10366,-0.387383744
10367,-1.151184318
10368,0.091915872
10369,-1.663479588
10370,-2.989302244
10371,-3.416212546
10372,-2.436787807
10373,-1.084763285
10374,-1.35188989
10375,-0.263143815
10376,-0.612688583
10377,0.143571739
10378,1.755063449
10379,4.120488103
10380,4.470611798
10381,5.505498575
10382,5.796319016
10383,4.343862913
10384,2.777020424
10385,3.69698886
10386,2.388114401
10387,1.915790003
10388,0.410580765
10389,-0.824913339
10390,0.461140466
10391,0.595260624
10392,-0.546826045
10393,-0.559475479
10394,-1.970439175
10395,-3.162107987
10396,-3.114802678
10397,-0.167926512
10398,-2.1393692
10399,-0.921827669
10400,-0.95472955
10401,0.400609132
10402,-0.390385528
10403,-2.175346169
10404,-4.643030825
10405,-3.052813448
10406,-1.120901963
10407,-0.32825797
10408,-0.056941619
10409,0.900481442
10410,0.946706414
10411,2.28595747
10412,4.489255
10413,2.101424475
10414,-0.505056165
10415,-1.156474523
10416,-2.163751553
10417,-1.534491716
10418,-2.21807921
10419,-1.067486103
10420,-0.557737267
10421,-1.142885086
10422,0.063242398
10423,-1.332549795
10424,-1.465491952
10425,-0.305097011
10426,-0.361152296
10427,-2.67131475
10428,-3.623603193
10429,-1.607871816
10430,1.217216635
10431,0.321988945
10432,-0.628023639
10433,-2.728444224
10434,-2.03554889
10435,-2.914487719
10436,-0.591042978
10437,1.82134928
10438,1.967010969
10439,0.652242425
10440,-2.072954433
10441,-0.495737366
10442,0.005186007
10443,0.683092143
10444,-0.23085498
10445,0.132630222
10446,-0.263484991
10447,0.850377646
10448,2.512057137
10449,2.38927502
10450,3.696544018
10451,3.235906532
10452,1.507191339
10453,0.431630584
10454,-0.992268343
10455,-1.113667522
10456,-0.565513211
10457,-1.380014295
10458,-1.6409436
10459,0.467611915
10460,1.198351451
10461,2.733748916
10462,1.409113205
10463,1.823904158
10464,2.582869652
10465,0.136385015
10466,3.865623761
10467,6.196641886
10468,9.055218606
10469,12.29715394
10470,9.68198772
10471,8.122105638
10472,7.123565044
10473,4.815154038
10474,3.179789596
10475,1.250992893
10476,-0.371354736
10477,1.221875629
10478,0.117112912
10479,-1.748748556
10480,-2.10839687
10481,-1.986286918
10482,-1.004040659
10483,-0.395124112
10484,0.144339042
10485,-1.903005188
10486,-1.816335837
10487,-0.591608127
10488,-0.439903379
10489,-0.982959437
10490,-0.143691114
10491,1.146033785
10492,0.814180579
10493,1.953991578
10494,3.676791919
10495,-0.682929315
10496,-0.885302528
10497,0.546136206
10498,-0.776505666
10499,1.495824296
10500,0.281893931