,Open,High,Low,Close,Volume
1,11278.53027,11384.11035,11275.04981,11342.88965,336420000
2,11343.4502,11405.87988,11316.79004,11347.4502,325090000
3,11346.80957,11359.7002,11305.83008,11336.32031,2.32E+08
4,11336.55957,11355.37012,11260.83984,11283.25,289230000
5,11283.25,11379.87012,11282.76953,11354.49023,270270000
6,11349.53027,11416.92969,11275.29981,11382.50977,361740000
7,11358.33008,11417.66016,11347.20996,11367.13965,738440000
8,11367.78027,11428.37012,11329.44043,11343.29004,365970000
9,11345.20996,11427.65039,11345.12988,11416.4502,335420000
10,11414.69043,11424.92969,11362.41992,11400.28027,380540000
11,11401.79981,11463.11035,11401.79981,11438.86035,333940000
12,11440.62012,11586.37988,11440.62012,11577.74023,338910000
13,11576.37012,11603.58984,11561.96973,11584.54004,309920000
14,11584.62012,11640.73047,11572.04981,11639.76953,263250000
15,11630.48047,11670.19043,11595.17969,11642.65039,284530000
16,11639.29004,11639.4502,11479.44043,11500.73047,322510000
17,11500.00977,11500.00977,11374.74023,11380.99023,321240000
18,11380.42969,11435.33984,11333.04004,11428.76953,300550000
19,11428.20996,11460.54981,11392.66992,11419.88965,307170000
20,11410.12988,11410.12988,11174.37988,11205.61035,399460000
21,11206.16992,11247.38965,11127.08984,11128.29004,338300000
22,11124.37012,11180.29004,11075.21973,11144.05957,485500000
23,11143.41992,11175.34961,11040.07031,11125.33008,340590000
24,11126.29004,11202.65039,11097.30957,11098.34961,315860000
25,11100.11035,11168.24023,11030.46973,11117.32031,466330000
26,11114.95996,11214.98047,11114.95996,11211.04981,295350000
27,11211.69043,11283.49023,11211.54004,11278.61035,240330000
28,11277.25,11278.12988,11094.34961,11094.42969,261260000
29,11091.15039,11183.04004,11085.37988,11168.30957,353660000
30,11169.03027,11270.20996,11150.07031,11260.28027,295150000
31,11260.51953,11285.82031,11191.53027,11247.87012,268640000
32,11247.54981,11248.79004,11040.24023,11048.71973,254990000
33,11048.24023,11094.25977,10926.41992,11002.13965,385870000
34,11002.05957,11077.37988,10928.33984,10930.90039,333490000
35,10929.7002,10964.67969,10757.54981,10938.82031,442150000
36,10939.13965,10976.2002,10871.58984,10891.91992,272930000
37,10892,10927.12012,10790.25977,10792.58008,272490000
38,10783.13965,10862.29981,10700.92969,10706.13965,399220000
39,10706.78027,10817,10698.84961,10816.91992,355620000
40,10817.48047,11036.48047,10817.48047,11015.19043,358870000
41,11014.37988,11045.2002,10984.12988,11014.54981,451930000
42,11014.87012,11057.61035,10907.29004,10942.11035,377040000
43,10942.03027,11029.83008,10938.41992,10974.83984,274060000
44,10975.24023,11131.73047,10971.71973,11079.45996,309290000
45,11077.78027,11077.78027,10986.13965,11019.11035,250460000
46,11019.19043,11074.25977,10973.40039,10989.08984,221940000
47,10990.29004,11048.71973,10973.71973,11045.28027,202770000
48,11048.24023,11064.08984,10920.73047,10924.74023,269010000
49,10925.29981,10981.25,10902.48047,10973.55957,260240000
50,10974.36035,11195.54004,10974.36035,11190.79981,337830000
51,11190.79981,11235.62988,11150.05957,11150.21973,365670000
52,11149.33984,11231.29981,11149.33984,11228.01953,134790000
53,11225.05957,11225.05957,11123.32031,11151.82031,248320000
54,11147.12012,11257.08008,11147.12012,11225.29981,224520000
55,11224.17969,11224.17969,11066.00977,11090.66992,253730000
56,11091.70996,11174.46973,11090.04004,11103.54981,207740000
57,11102.58984,11151.17969,11027.99023,11134.76953,298130000
58,11133.96973,11149.95996,10995.96973,11013.17969,266320000
59,11012.62012,11012.62012,10832.92969,10846.29004,328780000
60,10846.53027,10848.37012,10701.33984,10739.34961,312080000
61,10739.34961,10802.66992,10714.70996,10747.36035,251640000
62,10745.83984,10813.79004,10683.32031,10799.23047,288860000
63,10797.38965,11038.48047,10797.38965,11011.41992,343400000
64,11007.25977,11037.28027,10924.98047,10928.09961,336300000
65,10937.94043,10951.76953,10838.84961,10868.37988,433240000
66,10868.7002,11065.9502,10868.62012,11051.04981,269370000
67,11051.04981,11133.80957,10999.90039,11103.70996,281840000
68,11102.91016,11157.82031,11048.16016,11102.50977,287170000
69,11104.19043,11187.75977,11087.54981,11100.42969,286530000
70,11102.11035,11243.30957,11102.03027,11219.7002,269730000
71,11218.90039,11219.05957,11178.32031,11185.67969,226190000
72,11184.79981,11185.28027,11083.86035,11125.73047,199150000
73,11125.57031,11229.45996,11125.25,11199.92969,229410000
74,11195.28027,11269.49023,11144.45996,11242.58984,211890000
75,11244.58984,11344.16992,11187.36035,11240.34961,210410000
76,11239.46973,11245.9502,11190.55957,11219.37988,169710000
77,11218.17969,11276.29004,11141.82031,11173.58984,261520000
78,11168.46973,11250.83984,11068.57031,11076.17969,231270000
79,11073.13965,11143.98047,11044.71973,11124.37012,211270000
80,11121.16016,11121.16016,11042.63965,11088.03027,166870000
81,11089.07031,11202.73047,11079.78027,11097.87012,205830000
82,11098.03027,11234.26953,11098.03027,11230.25977,208750000
83,11224.91016,11340.79981,11224.91016,11327.12012,219190000
84,11327.36035,11372.41992,11298.37988,11334.95996,2.43E+08
85,11333.75977,11381.46973,11317.66992,11381.46973,282660000
86,11380.66992,11380.99023,11321.99023,11345.04981,196220000
87,11344.41016,11383.70996,11303.33984,11339.83984,213690000
88,11337.12012,11370.82031,11264.04004,11297.90039,170410000
89,11297.82031,11334.71973,11273.88965,11304.45996,170710000
90,11301.21973,11317.42969,11260.28027,11284.04981,150200000
91,11285.33008,11387.79004,11273.49023,11352.00977,180810000
92,11352.65039,11379.54981,11299.58008,11369.94043,198620000
93,11365.98047,11407.08008,11355.69043,11382.91016,180100000
94,11383.46973,11405.32031,11369.78027,11381.15039,156960000
95,11382.75,11476.48047,11382.75,11464.15039,168010000
96,11461.83008,11488.16992,11438.05957,11469.28027,184960000
97,11466.23047,11466.23047,11395.15039,11406.2002,190990000
98,11405.16016,11405.24023,11323.83984,11331.44043,213670000
99,11332.24023,11402.83984,11331.04004,11392.11035,161650000
100,11389.87012,11421.25,11342.16992,11396.83984,2.16E+08
101,11396.83984,11512.98047,11395.70996,11498.08984,237300000
102,11487.69043,11567.25,11476.16016,11543.32031,214190000
103,11543.40039,11549.08008,11495.37012,11527.38965,203780000
104,11528.75,11613.50977,11528.75,11560.76953,365450000
105,11559.96973,11588.37988,11528.11035,11555,192680000
106,11554.59961,11562.04981,11480.55957,11540.91016,178880000
107,11542.28027,11628.87988,11542.2002,11613.19043,226390000
108,11611.66992,11630.55957,11501.76953,11533.23047,241370000
109,11532.91016,11533.07031,11474.55957,11508.09961,198480000
110,11509.29981,11616.48047,11486,11575.80957,267990000
111,11575.73047,11670.26953,11567.65039,11669.38965,283670000
112,11670.19043,11720.76953,11659.62012,11689.24023,296890000
113,11689.40039,11728.45996,11660.41992,11718.4502,236500000
114,11718.04981,11741.99023,11677.79004,11679.07031,216040000
115,11678.99023,11726.94043,11658.66016,11670.34961,198010000
116,11670.11035,11758.9502,11653.05957,11727.33984,230570000
117,11722.94043,11851.25,11707.49023,11850.61035,281860000
118,11844.37988,11870.05957,11821.23047,11866.69043,253550000
119,11865.49023,11865.57031,11800.5,11850.20996,242980000
120,11849.55957,11872.94043,11813.21973,11857.80957,177940000
121,11857.73047,11877.90039,11829.70996,11867.16992,227210000
122,11865.49023,11875.98047,11794.16992,11852.12988,256040000
123,11854.12988,11959.62988,11854.04981,11947.7002,291010000
124,11947.21973,11960.50977,11908.79981,11960.50977,295100000
125,11961.30957,11997.25,11945.54004,11980.59961,271740000
126,11977.40039,11979.08008,11887.19043,11950.01953,238130000
127,11947.62012,12049.50977,11947.62012,11992.67969,344650000
128,11988.91992,12027.74023,11966.91016,12011.73047,260150000
129,12013.00977,12048.87012,11941.94043,12002.37012,313840000
130,12116.50977,12125.16016,11971.79004,12116.91016,288780000
131,12116.50977,12133.79981,12079.04981,12127.87988,257650000
132,12127.24023,12147.96973,12081.76953,12134.67969,238470000
133,12134.83984,12167.01953,12096.09961,12163.66016,237150000
134,12164.78027,12164.86035,12073.53027,12090.25977,277340000
135,12089.13965,12117.23047,12049.91992,12086.5,206240000
136,12086.17969,12113.38965,12025.33984,12080.73047,277410000
137,12080.25,12123.95996,12007.16992,12031.01953,245720000
138,12023.98047,12032.54981,11979,12018.54004,222140000
139,12018.29981,12061.51953,11965.30957,11986.04004,197740000
140,11985.16016,12117.70996,11984.75977,12105.54981,211250000
141,12104.75,12196.32031,12101.05957,12156.76953,222400000
142,12147.37988,12193.75,12102.90039,12176.54004,252650000
143,12174.7002,12187.03027,12090.09961,12103.29981,275340000
144,12102.74023,12127.08008,12074.00977,12108.42969,204440000
145,12097.7002,12164.7002,12084.80957,12131.87988,194050000
146,12132.44043,12228.00977,12084.96973,12218.00977,255300000
147,12214.37012,12291.73047,12205.75977,12251.70996,258840000
148,12250.04981,12325.91016,12250.04981,12305.82031,223350000
149,12304.62012,12342.55957,12277.40039,12342.55957,285110000
150,12340.70996,12355.23047,12302.51953,12316.54004,228960000
151,12312.12988,12339.84961,12296.03027,12321.58984,216660000
152,12321.91016,12361,12302.75977,12326.9502,177740000
153,12321.70996,12324.11035,12258.86035,12280.16992,77630000
154,12279.12988,12279.53027,12110.80957,12121.70996,236740000
155,12118.94043,12149.19043,12072.59961,12136.4502,222630000
156,12134.40039,12240.66992,12134.40039,12226.73047,219270000
157,12226.73047,12275.12012,12162.48047,12221.92969,294890000
158,12220.96973,12248.04004,12089.98047,12194.12988,275410000
159,12195.57031,12309.96973,12195.57031,12283.84961,270630000
160,12283.69043,12335.37012,12276.08008,12331.59961,233170000
161,12328.71973,12335.4502,12294.83008,12309.25,220840000
162,12310.12988,12360.75977,12264.46973,12278.41016,251340000
163,12278.41016,12332.87988,12243.08008,12307.49023,240800000
164,12306.20996,12354.58984,12297.62988,12328.48047,213850000
165,12328.24023,12333.91992,12252.04981,12315.58008,248140000
166,12312.70996,12368.61035,12301.55957,12317.5,213520000
167,12317.5,12431.25977,12307.00977,12416.75977,253900000
168,12417.95996,12486.29981,12417.87988,12445.51953,417750000
169,12446.24023,12490.7002,12428.94043,12441.26953,237310000
170,12439.50977,12491.91016,12397.61035,12471.32031,233450000
171,12471.32031,12498.46973,12456.58008,12463.87012,193300000
172,12461.62012,12483.73047,12396.00977,12421.25,192090000
173,12413.08008,12420.20996,12341.7002,12343.21973,143650000
174,12341.94043,12418.2002,12337.04981,12407.62988,110210000
175,12408.42969,12519.21973,12407.79004,12510.57031,143650000
176,12510.57031,12529.87988,12478.12988,12501.51953,126740000
177,12500.48047,12526.03027,12451.12988,12463.15039,161560000
178,12459.54004,12580.34961,12404.82031,12474.51953,327200000
179,12473.16016,12510.41016,12403.86035,12480.69043,259060000
180,12480.04981,12480.12988,12365.41016,12398.00977,235220000
181,12392.00977,12445.91992,12337.37012,12423.49023,223500000
182,12424.76953,12466.42969,12369.16992,12416.59961,225190000
183,12417,12451.61035,12355.62988,12442.16016,226570000
184,12442.95996,12544.45996,12442.95996,12514.98047,261720000
185,12514.66016,12561.04004,12489.66016,12556.08008,256530000
186,12555.83984,12585.08008,12538.92969,12582.58984,242720000
187,12571.45996,12614,12550.54981,12577.15039,272720000
188,12575.05957,12611.91016,12547.33984,12567.92969,250690000
189,12567.92969,12586.83984,12523.54981,12565.53027,287480000
190,12565.53027,12572.58008,12450.88965,12477.16016,293400000
191,12477.80957,12554.23047,12468.34961,12533.79981,236760000
192,12534.37012,12623.4502,12531.08008,12621.76953,216920000
193,12621.76953,12622.65039,12487.33984,12502.55957,275780000
194,12503.28027,12539.08984,12431.33984,12487.01953,247020000
195,12487.09961,12542.7002,12481.49023,12490.78027,234510000
196,12492.23047,12538.4502,12459.45996,12523.30957,244040000
197,12520.03027,12657.01953,12505.2002,12621.69043,258410000
198,12617.2002,12682.57031,12616.08008,12673.67969,235130000
199,12673.83984,12683.92969,12638.34961,12653.49023,203610000
200,12653.41016,12681.20996,12629.86035,12661.74023,204140000
201,12661.66016,12680.57031,12633.94043,12666.30957,201010000
202,12656.86035,12700.28027,12630.5,12666.87012,194020000
203,12665.66992,12665.83008,12575.86035,12637.62988,193820000
204,12638.03027,12675.67969,12545.09961,12580.83008,220330000
205,12580.11035,12607.50977,12536.20996,12552.54981,174980000
206,12549.19043,12658.21973,12549.19043,12654.84961,204940000
207,12651.29004,12759.40039,12651.20996,12741.86035,210880000
208,12741.7002,12779.03027,12728.71973,12765.00977,183280000
209,12764.12988,12769.16992,12744.01953,12767.57031,243560000
210,12766.84961,12795.92969,12704.67969,12786.63965,205760000
211,12782.87012,12782.87012,12707.16992,12738.41016,213470000
212,12735.76953,12763.73047,12650.61035,12686.01953,206860000
213,12679.88965,12682.12988,12628.01953,12647.48047,215430000
214,12647.87988,12697.23047,12608.46973,12632.25977,230080000
215,12628.90039,12629.37988,12086.05957,12216.24023,393300000
216,12214.91992,12353.46973,12186.04004,12268.62988,412820000
217,12268.62988,12289.21973,12059.54004,12234.33984,372010000
218,12233.78027,12247.40039,12107.37012,12114.09961,315180000
219,12111.61035,12188.83984,12039.11035,12050.41016,278770000
220,12051.16992,12224.41016,12050.61035,12207.58984,278810000
221,12204.45996,12256.94043,12178.99023,12192.4502,263540000
222,12193.33008,12303.63965,12193.33008,12260.7002,241070000
223,12262.05957,12330.87988,12228.5,12276.32031,211040000
224,12275.67969,12349.9502,12246.51953,12318.62012,219580000
225,12307.49023,12307.57031,12071.48047,12075.95996,312340000
226,12074.51953,12142.94043,11939.61035,12133.40039,333450000
227,12133.16016,12188.12012,12105.91992,12159.67969,232600000
228,12159.67969,12190.36035,12082.12988,12110.41016,388660000
229,12110.41016,12234.66992,12110.41016,12226.16992,208480000
230,12226.80957,12294.03027,12213.11035,12288.09961,196620000
231,12288.98047,12480.4502,12263.50977,12447.51953,2.46E+08
232,12446.71973,12476.28027,12408.50977,12461.13965,232700000
233,12460.5,12511.04981,12448.65039,12481.00977,206410000
234,12480.37012,12486.78027,12367.16992,12469.07031,219960000
235,12468.66992,12468.66992,12377.26953,12397.29004,209340000
236,12396.49023,12396.49023,12257.41992,12300.36035,224830000
237,12301.48047,12381.91016,12267.58984,12348.75,208160000
238,12348.91016,12416.67969,12242.59961,12354.34961,233630000
239,12354.51953,12394.98047,12324.28027,12382.29981,209420000
240,12379.04981,12534.26953,12379.04981,12510.29981,220470000
241,12511.36035,12541.50977,12495.75,12530.04981,210130000
242,12523.21973,12572.46973,12500.38965,12560.2002,164930000
243,12562.63965,12593.59961,12555.32031,12569.13965,191590000
244,12568.49023,12588.55957,12549.46973,12573.84961,214690000
245,12573.12012,12580.03027,12455.84961,12484.62012,245470000
246,12483.63965,12557.34961,12428.21973,12552.95996,218300000
247,12551.91016,12615.37988,12530.20996,12612.12988,224240000
248,12611.63965,12731.17969,12611.30957,12720.45996,225020000
249,12719.55957,12790.01953,12707.4502,12773.04004,256880000
250,12771.08008,12838.45996,12728.99023,12803.83984,261950000
251,12799.76953,12830.08008,12734.91992,12808.62988,262590000
252,12811.15039,12966.29004,12810.16992,12961.98047,415650000
253,12961.98047,12983.91992,12916.62988,12919.40039,223290000
254,12919.63965,12989.86035,12901.67969,12953.94043,238400000
255,12951.41992,13107.4502,12951.41992,13089.88965,250170000
256,13088.83984,13132.79981,13068.12012,13105.5,251620000
257,13104.04004,13148,13073.40039,13120.94043,270910000
258,13120.20996,13162.05957,13061.53027,13062.91016,264090000
259,13062.75,13137.75977,13041.29981,13136.13965,248960000
260,13133.94043,13256.33008,13130.53027,13211.87988,251340000
261,13206.65039,13246.82031,13196.03027,13241.37988,247240000
262,13243.08008,13284.53027,13228.78027,13264.62012,236320000
263,13264.12988,13317.69043,13260.79981,13312.96973,206190000
264,13309.40039,13314.42969,13237.55957,13309.07031,225600000
265,13300.62012,13369.29004,13278.34961,13362.87012,237040000
266,13359.04981,13359.12988,13210.90039,13215.12988,224640000
267,13212.2002,13333.4502,13212.04004,13326.21973,257840000
268,13325.80957,13383.75977,13297.04004,13346.78027,199620000
269,13346.04981,13481.59961,13339.46973,13383.83984,265250000
270,13486.95996,13489.57031,13363.92969,13487.53027,237790000
271,13487.53027,13516.70996,13447.79004,13476.71973,195800000
272,13476.40039,13558.48047,13476.40039,13556.53027,282930000
273,13556.53027,13586.03027,13529.13965,13542.87988,215550000
274,13544.99023,13586.67969,13528.98047,13539.9502,201290000
275,13540.83984,13609.75977,13505.16992,13525.65039,208260000
276,13522.59961,13624.54981,13423.90039,13441.12988,240810000
277,13441.94043,13516.13965,13440.07031,13507.28027,183470000
278,13507.28027,13564.66016,13465.34961,13521.33984,205620000
279,13517.88965,13636.08984,13456.73047,13633.08008,224780000
280,13633,13673.07031,13614.71973,13627.63965,243510000
281,13628.69043,13692,13624.38965,13668.11035,212780000
282,13667.20996,13690.37988,13618.78027,13676.32031,177830000
283,13673.19043,13673.50977,13551,13595.45996,223040000
284,13590.66016,13591.07031,13437.30957,13465.66992,236830000
285,13463.48047,13480.21973,13259.82031,13266.73047,298880000
286,13267.13965,13431.21973,13251.53027,13424.38965,2.42E+08
287,13424.38965,13478.11035,13381.63965,13424.95996,183300000
288,13424.38965,13449.5,13294.61035,13295.00977,233420000
289,13287.62012,13485.12012,13287.62012,13482.34961,253050000
290,13482.42969,13581.61035,13479.34961,13553.73047,228680000
291,13556.65039,13688.66016,13556.49023,13639.48047,425080000
292,13639,13667.94043,13608.75977,13612.98047,174380000
293,13611.67969,13652.16992,13577.21973,13635.41992,233720000
294,13636.55957,13674.36035,13483.25,13489.41992,274670000
295,13486.66016,13564.20996,13398.87012,13545.83984,241170000
296,13545.03027,13545.11035,13359.69043,13360.25977,380870000
297,13360.08984,13488.76953,13299.78027,13352.04981,251720000
298,13352.37012,13452.51953,13308.71973,13337.66016,240950000
299,13336.92969,13433.00977,13259.86035,13427.73047,246010000
300,13427.48047,13498.29004,13389.28027,13422.28027,207130000
301,13422.61035,13524.54004,13314,13408.62012,262110000
302,13409.59961,13537.87012,13409.51953,13535.42969,196410000
303,13531.53027,13591.69043,13531.53027,13577.29981,111580000
304,13576.24023,13580.05957,13513.49023,13565.83984,188840000
305,13559.00977,13633.62988,13537.9502,13611.67969,176040000
306,13612.66016,13670.45996,13609,13649.96973,192840000
307,13648.58984,13649.24023,13496.16992,13501.7002,274420000
308,13500.40039,13590.9502,13474.79004,13577.87012,224410000
309,13579.33008,13869.94043,13579.16992,13861.73047,300520000
310,13859.86035,13932.29004,13845.87988,13907.25,223820000
311,13907.08984,13989.11035,13894.98047,13950.98047,209060000
312,13951.95996,14021.9502,13942.84961,13971.54981,266020000
313,13955.04981,13965.94043,13823.59961,13918.21973,324400000
314,13918.79004,14015.84961,13918.79004,14000.41016,265390000
315,14000.73047,14009.26953,13797.66992,13851.08008,377650000
316,13851.73047,13973.99023,13851.73047,13943.41992,237450000
317,13940.90039,13940.99023,13701.58984,13716.9502,296990000
318,13718.25,13822.21973,13674.83984,13785.07031,266860000
319,13783.12012,13783.4502,13335.29981,13473.57031,426880000
320,13472.67969,13520.79981,13265.46973,13265.46973,337120000
321,13266.20996,13397.73047,13219.13965,13358.30957,295450000
322,13360.66016,13498.53027,13199.79004,13211.99023,319890000
323,13211.08984,13393.01953,13132.65039,13362.37012,355960000
324,13357.82031,13503.33008,13350.41992,13463.33008,264830000
325,13462.25,13471.79004,13175.24023,13181.91016,301800000
326,13183.12988,13470.16016,13158.58008,13468.78027,311810000
327,13467.71973,13608.11035,13347.16992,13504.29981,273340000
328,13497.23047,13695.82031,13484.79004,13657.86035,288040000
329,13652.33008,13652.33008,13270.67969,13270.67969,362490000
330,13270.58984,13306.51953,13057.86035,13239.54004,338560000
331,13239.54004,13338.15039,13219.45996,13236.53027,215260000
332,13235.71973,13269.78027,13018.26953,13028.91992,269120000
333,13021.92969,13119.32031,12834.24023,12861.46973,272760000
334,12861.46973,12885.84961,12517.94043,12845.78027,457150000
335,12848.04981,13167.67969,12847.80957,13079.08008,423940000
336,13079.08008,13181.66016,12982.75,13121.34961,231800000
337,13120.04981,13178.33008,13052.16992,13090.86035,2.04E+08
338,13090.86035,13248.08008,13088.25977,13236.12988,205530000
339,13236.12988,13298.63965,13169.15039,13235.87988,198160000
340,13235.87988,13381.46973,13208.65039,13378.87012,186060000
341,13377.16016,13387.33008,13305.54981,13322.12988,152440000
342,13318.42969,13318.59961,13034.78027,13041.84961,230470000
343,13043.07031,13293.44043,13043.07031,13289.29004,227440000
344,13287.91016,13315.13965,13184.58984,13238.73047,193240000
345,13240.83984,13428.9502,13240.83984,13357.74023,234920000
346,13358.38965,13494.05957,13317.5,13448.86035,262260000
347,13442.84961,13443.16992,13248.24023,13305.46973,231850000
348,13306.44043,13398.70996,13274.82031,13363.34961,203600000
349,13360.74023,13360.83008,13082.16992,13113.37988,238300000
350,13116.38965,13207.19043,13021.92969,13127.84961,221760000
351,13129.40039,13325.9502,13129.15039,13308.38965,200160000
352,13298.30957,13360.00977,13263.03027,13291.65039,195280000
353,13292.37988,13469.26953,13292.37988,13424.87988,209950000
354,13421.38965,13459.75,13323.83984,13442.51953,204780000
355,13441.9502,13451.54004,13362.37012,13403.41992,169710000
356,13403.17969,13739.95996,13403.17969,13739.38965,277620000
357,13740.61035,13867.5,13739.87988,13815.55957,276590000
358,13813.51953,13822.13965,13741.00977,13766.7002,200880000
359,13768.33008,13877.16992,13768.25,13820.19043,419390000
360,13821.57031,13874.41016,13750.92969,13759.05957,236690000
361,13757.83984,13787.19043,13696.30957,13778.65039,213040000
362,13779.29981,13915.79004,13779.29981,13878.15039,206560000
363,13879.53027,13920.41992,13868.15039,13912.94043,156920000
364,13912.94043,13924.80957,13850.26953,13895.62988,203030000
365,13895.70996,14115.50977,13893.50977,14087.54981,205720000
366,14087.13965,14107.46973,14012.11035,14047.30957,169270000
367,14038.86035,14038.94043,13947.73047,13968.04981,178920000
368,13967.88965,14010.41016,13951.62988,13974.30957,143300000
369,13969.07031,14124.54004,13968.83008,14066.00977,183540000
370,14065.36035,14067.95996,14009.66992,14043.73047,116420000
371,14043.73047,14166.96973,14034.38965,14164.53027,176740000
372,14165.01953,14165.01953,14009.50977,14078.69043,163280000
373,14079.09961,14198.09961,13950.25,14015.12012,235090000
374,14016.33984,14101.76953,14013.74023,14093.08008,178740000
375,14092.42969,14118.51953,13904.32031,13984.79981,220490000
376,13986.33984,13992.03027,13877.90039,13912.94043,229920000
377,13920.66016,14012.83984,13774.66992,13892.54004,315420000
378,13887.90039,13913.75,13820.34961,13888.95996,205540000
379,13888.46973,13888.46973,13511.94043,13522.01953,332350000
380,13521.62012,13587.21973,13407.49023,13566.96973,229440000
381,13568.92969,13684.59961,13540.87988,13676.23047,206550000
382,13675.58008,13690.4502,13470.16016,13675.25,259150000
383,13677.84961,13741.25977,13547.62988,13671.91992,274330000
384,13675.66016,13811.25,13675.25,13806.7002,311390000
385,13807.34961,13901.40039,13805.30957,13870.25977,207930000
386,13869.04004,13869.29004,13778.41016,13792.46973,189730000
387,13792.05957,13962.53027,13767.67969,13930.00977,277660000
388,13924.16016,13924.16016,13548.92969,13567.87012,335560000
389,13569.90039,13632.90039,13446.01953,13595.09961,279780000
390,13592.58008,13618.26953,13446.91016,13543.40039,259590000
391,13542.33984,13669.71973,13511.86035,13660.94043,252360000
392,13646.71973,13647.29004,13285.62988,13300.01953,273050000
393,13299.7002,13354,13079.48047,13266.29004,403680000
394,13261.16992,13262.13965,13017.29981,13042.74023,356840000
395,13039.16016,13162.63965,12981.04004,12987.54981,291980000
396,12975.11035,13319.4502,12975.11035,13307.08984,298250000
397,13305.46973,13367.16992,13197.83984,13231.00977,267510000
398,13231.00977,13262.13965,13055.83008,13110.04981,242570000
399,13109.48047,13211.16992,13050.54981,13176.79004,314920000
400,13176.29981,13176.29981,12937.62988,12958.44043,285790000
401,12955.91992,13107.37012,12839.67969,13010.13965,325810000
402,13006.65039,13007.70996,12786.03027,12799.04004,284550000
403,12796.07031,12980.87988,12796.07031,12980.87988,122250000
404,12979.99023,13037.29981,12724.08984,12743.44043,265610000
405,12744.78027,12991.84961,12744.78027,12958.44043,296070000
406,12958.04004,13325.87012,12958.04004,13289.4502,310080000
407,13287.91016,13346.26953,13214.75,13311.73047,201410000
408,13314.25,13466.99023,13281.65039,13371.71973,312570000
409,13368.21973,13407.24023,13296.28027,13314.57031,212170000
410,13311.24023,13316.28027,13237.58984,13248.73047,204940000
411,13244.00977,13460.24023,13244.00977,13444.95996,256800000
412,13445.84961,13632.90039,13426.17969,13619.88965,197270000
413,13618.26953,13668.09961,13601.36035,13625.58008,179420000
414,13623.54981,13754.01953,13623.54981,13727.03027,190220000
415,13726.87012,13780.11035,13413.74023,13432.76953,280630000
416,13434.79981,13704.51953,13321.63965,13473.90039,310470000
417,13473.98047,13527.62988,13353.91992,13517.95996,248800000
418,13515.11035,13515.36035,13332.12988,13339.84961,245590000
419,13339.2002,13339.4502,13158.41992,13167.2002,243400000
420,13168.66016,13279.45996,13092,13232.46973,233020000
421,13231.98047,13300.42969,13146.79004,13207.26953,208330000
422,13206.45996,13288.40039,13153.62012,13245.63965,203910000
423,13241.66016,13473.98047,13241.57031,13450.65039,430600000
424,13450.73047,13563.48047,13449.26953,13550.04004,86400000
425,13547.9502,13563.32031,13492.67969,13551.69043,122410000
426,13549.16992,13551.04004,13349.28027,13359.61035,145770000
427,13361.23047,13451.37988,13298.15039,13365.87012,142930000
428,13364.16016,13364.73047,13246.53027,13264.82031,167240000
429,13261.82031,13279.54004,12991.37012,13043.95996,239580000
430,13044.12012,13137.92969,13023.55957,13056.71973,200620000
431,13046.55957,13046.71973,12789.04004,12800.17969,304210000
432,12801.15039,12884.15039,12733.83984,12827.49023,306700000
433,12820.90039,12906.41992,12565.41016,12589.07031,322690000
434,12590.20996,12738.63965,12501.75977,12735.30957,332900000
435,12733.11035,12931.29004,12632.15039,12853.08984,325330000
436,12850.74023,12851.13965,12543.87012,12606.29981,301890000
437,12613.78027,12794.57031,12613.7002,12778.15039,245370000
438,12777.5,12777.5,12488.75977,12501.11035,339700000
439,12476.80957,12613.12988,12392.26953,12466.16016,500040000
440,12467.04981,12517.61035,12125.55957,12159.20996,439830000
441,12159.94043,12341.54004,12022.48047,12099.29981,483300000
442,12092.71973,12092.71973,11634.82031,11971.19043,506500000
443,11969.08008,12276.66992,11644.80957,12270.16992,536520000
444,12272.69043,12399.17969,12241.79981,12378.61035,387900000
445,12391.7002,12486.88965,12183.67969,12207.16992,393660000
446,12205.70996,12386.00977,12112.13965,12383.88965,278990000
447,12385.19043,12503.15039,12346.99023,12480.29981,285090000
448,12480.13965,12681.41016,12406.16992,12442.83008,334680000
449,12438.28027,12702.37988,12249.92969,12650.36035,394330000
450,12638.16992,12767.74023,12602.32031,12743.19043,379580000
451,12743.11035,12749.78027,12621.83008,12635.16016,237410000
452,12631.84961,12631.92969,12264.07031,12265.12988,334380000
453,12257.25,12390.32031,12178.15039,12200.09961,296360000
454,12196.2002,12332.51953,12120.44043,12247,326200000
455,12248.46973,12281.87988,12103.37012,12182.12988,262200000
456,12181.88965,12252.12012,12069.46973,12240.00977,268100000
457,12241.55957,12469.41016,12241.55957,12373.41016,256970000
458,12368.12012,12573.12988,12367.79981,12552.24023,236300000
459,12551.50977,12557.61035,12361.45996,12376.98047,233790000
460,12376.66016,12376.66016,12278.62012,12348.20996,289800000
461,12349.58984,12505.25,12304.08008,12337.21973,257550000
462,12333.30957,12464.05957,12227.71973,12427.25977,297990000
463,12426.84961,12503.45996,12247.33984,12284.29981,293420000
464,12281.08984,12397.79004,12155.25977,12381.01953,307090000
465,12380.76953,12584.62012,12341.04004,12570.21973,288600000
466,12569.48047,12734.17969,12512.41016,12684.91992,291760000
467,12683.54004,12756.55957,12609.37012,12694.28027,263720000
468,12689.28027,12689.44043,12536.42969,12582.17969,247270000
469,12579.58008,12580.15039,12223.57031,12266.38965,351870000
470,12264.36035,12281.37012,12161.04981,12258.90039,259730000
471,12259.13965,12259.23047,12032.41992,12213.79981,347720000
472,12204.92969,12349.66992,12140.53027,12254.99023,304570000
473,12254.58984,12254.58984,12026.07031,12040.38965,283100000
474,12039.08984,12094.20996,11819.69043,11893.69043,307580000
475,11893.04004,11926.5,11731.59961,11740.15039,312020000
476,11741.33008,12160.79981,11741.00977,12156.80957,372330000
477,12148.61035,12303.34961,12092.25,12110.24023,288130000
478,12096.49023,12215.34961,11875.78027,12145.74023,336260000
479,12146.38965,12193.61035,11832.71973,11951.08984,380810000
480,11946.4502,12076.21973,11756.59961,11972.25,382890000
481,11975.91992,12392.66016,11975.83984,12392.66016,367780000
482,12391.51953,12461.53027,12095.09961,12099.66016,328460000
483,12102.42969,12378.74023,12097.87012,12361.32031,502650000
484,12361.96973,12622.07031,12361.96973,12548.63965,264320000
485,12547.33984,12571.83984,12449.08008,12532.59961,237650000
486,12531.79004,12531.9502,12376.7002,12422.86035,235020000
487,12421.87988,12476.75977,12293.33984,12302.45996,235390000
488,12303.91992,12382.16016,12196.87012,12216.40039,2.09E+08
489,12215.91992,12326.46973,12176.11035,12262.88965,273610000
490,12266.63965,12659.82031,12266.46973,12654.36035,295530000
491,12651.66992,12696.29004,12555.16992,12608.91992,232760000
492,12605.83008,12675.12012,12527.75,12626.03027,183870000
493,12626.03027,12688.48047,12528.16016,12609.41992,181260000
494,12612.58984,12733.66016,12583.28027,12612.42969,198070000
495,12602.66016,12607.29981,12525.79981,12576.44043,197200000
496,12574.65039,12621.54981,12468.96973,12527.25977,194950000
497,12526.78027,12649.30957,12497.21973,12581.98047,227330000
498,12579.78027,12580.26953,12302.05957,12325.41992,286850000
499,12324.76953,12367.59961,12280.40039,12302.05957,216010000
500,12302.05957,12387.79004,12269.80957,12362.46973,208950000
501,12371.50977,12625.78027,12371.50977,12619.26953,269490000
502,12617.40039,12656.55957,12563.25,12620.49023,2.17E+08
503,12626.75977,12893.98047,12626.75977,12849.36035,304030000
504,12850.91016,12850.91016,12751.16992,12825.01953,192400000
505,12825.01953,12825.25977,12656.55957,12720.23047,214950000
506,12721.4502,12837.38965,12703.04981,12763.21973,244120000
507,12764.67969,12942.25977,12706.62988,12848.9502,249920000
508,12848.37988,12909.2002,12742.78027,12891.86035,240760000
509,12890.75977,12938.75977,12857.5,12871.75,222300000
510,12870.37012,12889.83008,12804.66016,12831.94043,218020000
511,12831.4502,13010,12808.98047,12820.12988,255070000
512,12818.33984,13029.04981,12793.09961,13010,245480000
513,13012.53027,13132.45996,12981.83008,13058.2002,205410000
514,13056.57031,13058.4502,12939.74023,12969.54004,197810000
515,12968.88965,13046.15039,12863.2002,13020.83008,199370000
516,13010.82031,13036.70996,12796.19043,12814.34961,2.35E+08
517,12814.34961,12909.86035,12794.80957,12866.78027,195570000
518,12860.67969,12861.41016,12715.01953,12745.87988,180240000
519,12745.54981,12904.16016,12740.5,12876.30957,198110000
520,12872.08008,12891.37012,12780.96973,12832.17969,236710000
521,12825.12012,12993.15039,12825.12012,12898.37988,206820000
522,12891.29004,12999.5,12854.98047,12992.66016,217780000
523,12992.74023,13001.94043,12893.49023,12986.79981,249260000
524,12985.41016,13136.69043,12963.75977,13028.16016,193770000
525,13026.04004,13026.04004,12781.78027,12828.67969,265220000
526,12824.94043,12862.46973,12573.66992,12601.19043,265810000
527,12597.69043,12669.33984,12591.33984,12625.62012,216360000
528,12620.90039,12621.95996,12460.08984,12479.62988,190210000
529,12479.62988,12572.53027,12442.58984,12548.34961,201530000
530,12542.90039,12601.92969,12495.26953,12594.03027,213680000
531,12593.87012,12726.66016,12554.7002,12646.21973,206420000
532,12647.36035,12689.7002,12617.40039,12638.32031,210230000
533,12637.66992,12638.08008,12427.76953,12503.82031,199090000
534,12503.2002,12554.04981,12342.12012,12402.84961,227460000
535,12391.86035,12496.16016,12338.78027,12390.48047,238590000
536,12388.80957,12610.95996,12388.80957,12604.4502,236160000
537,12602.74023,12603.07031,12192.05957,12209.80957,307820000
538,12210.12988,12331.86035,12195.32031,12280.32031,266350000
539,12277.70996,12369.23047,12206.95996,12289.75977,240760000
540,12286.33984,12286.66992,12079.12988,12083.76953,247120000
541,12089.62988,12269.24023,12076.92969,12141.58008,260960000
542,12144.58984,12310.28027,12144.58984,12307.34961,247980000
543,12306.86035,12319.71973,12212.25,12269.08008,222140000
544,12269.65039,12322.82031,12150.29004,12160.29981,174690000
545,12158.67969,12158.67969,11993.63965,12029.05957,212900000
546,12029.05957,12114.79004,11978.33008,12063.08984,230920000
547,12062.19043,12062.19043,11818.83008,11842.69043,429700000
548,11843.83008,11986.95996,11731.05957,11842.36035,182870000
549,11842.36035,11904.32031,11725.51953,11807.42969,225270000
550,11805.30957,11924.19043,11789.36035,11811.83008,236160000
551,11808.57031,11808.73047,11453.41992,11453.41992,302550000
552,11452.84961,11485.25,11297.99023,11346.50977,338250000
553,11345.7002,11437.29981,11287.55957,11350.00977,282210000
554,11344.63965,11407.90039,11183.42969,11382.25977,299590000
555,11382.33984,11434.12012,11214.37012,11215.50977,230690000
556,11216,11337.48047,11157.20996,11288.54004,176910000
557,11289.19043,11399.11035,11120.74023,11231.95996,248240000
558,11225.03027,11391.12988,11174.87988,11384.20996,271500000
559,11381.92969,11418.24023,11141.99023,11147.44043,227100000
560,11148.00977,11270.29981,11086.9502,11229.01953,248010000
561,11226.16992,11241.07031,10977.67969,11100.54004,275010000
562,11103.63965,11239.04004,11003.65039,11055.19043,205360000
563,11050.79981,11123.66992,10827.70996,10962.54004,331390000
564,10961.88965,11244.16992,10918.33008,11239.28027,307590000
565,11238.38965,11446.66016,11209.55957,11446.66016,335260000
566,11436.55957,11510.82031,11381.92969,11496.57031,378610000
567,11495.01953,11559.66992,11423.94043,11467.33984,212850000
568,11457.90039,11616.66016,11387.38965,11602.5,273690000
569,11603.38965,11698.16992,11558.29004,11632.37988,264520000
570,11630.33984,11634.49023,11345.37012,11349.28027,241140000
571,11341.13965,11443.80957,11325.09961,11370.69043,190920000
572,11369.46973,11369.54981,11125.12988,11131.08008,197550000
573,11133.44043,11398.37988,11128.05957,11397.55957,206930000
574,11397.55957,11586.62012,11397.55957,11583.69043,208520000
575,11577.99023,11578.88965,11363.69043,11378.01953,220200000
576,11379.88965,11425.73047,11267.04981,11326.32031,189700000
577,11326.32031,11382.16992,11221.53027,11284.15039,170250000
578,11286.01953,11615.92969,11286.01953,11615.76953,234990000
579,11603.63965,11685.45996,11521.32031,11656.07031,180060000
580,11655.41992,11655.58008,11416.7002,11431.42969,229610000
581,11432.08984,11759.95996,11388.04004,11734.32031,212830000
582,11729.66992,11867.11035,11675.53027,11782.34961,183190000
583,11781.7002,11782.34961,11601.51953,11642.46973,173590000
584,11632.80957,11633.78027,11453.33984,11532.95996,182550000
585,11532.07031,11718.28027,11450.88965,11615.92969,159790000
586,11611.20996,11709.88965,11599.73047,11659.90039,215040000
587,11659.65039,11690.42969,11434.12012,11479.38965,156290000
588,11478.08984,11478.16992,11318.5,11348.54981,171580000
589,11345.94043,11454.15039,11290.58008,11417.42969,144880000
590,11415.23047,11476.20996,11315.57031,11430.20996,130020000
591,11426.79004,11632.12988,11426.79004,11628.05957,138790000
592,11626.19043,11626.26953,11362.62988,11386.25,148610000
593,11383.55957,11436.24023,11340.41016,11412.87012,119800000
594,11412.45996,11554.45996,11381.76953,11502.50977,120580000
595,11499.87012,11715.17969,11499.79004,11715.17969,149150000
596,11713.23047,11713.23047,11543.38965,11543.95996,166910000
597,11545.62988,11790.16992,11471.90039,11516.91992,177090000
598,11506.00977,11554.37988,11416.53027,11532.87988,174250000
599,11532.48047,11532.48047,11176.01953,11188.23047,229200000
600,11185.62988,11245.15039,11037.84961,11220.95996,198300000
601,11224.87012,11570.66016,11224.79004,11510.74023,2.73E+08
602,11514.73047,11577.5,11230.73047,11230.73047,257300000
603,11233.91016,11380.62988,11215.25977,11268.91992,214260000
604,11264.44043,11445.67969,11098.66992,11433.70996,247820000
605,11429.32031,11459.92969,11280.40039,11421.99023,238890000
606,11416.37012,11416.4502,10917.50977,10917.50977,432970000
607,10905.62012,11093.21973,10742.7002,11059.01953,494760000
608,11056.58008,11057.30957,10595.90039,10609.66016,463200000
609,10609.00977,11076.44043,10459.44043,11019.69043,488060000
610,11027.50977,11483.04981,11026.7002,11388.44043,655110000
611,11394.41992,11394.58008,10992.2002,11015.69043,213210000
612,11015.69043,11143.20996,10833.94043,10854.16992,204480000
613,10850.01953,10928.40039,10753.57031,10825.16992,183630000
614,10827.16992,11129.19043,10827.00977,11022.05957,218530000
615,11019.04004,11168.05957,10868.82031,11143.12988,232560000
616,11139.62012,11139.94043,10365.4502,10365.4502,385940000
617,10371.58008,10868.90039,10371.41992,10850.66016,319770000
618,10847.40039,10882.51953,10631.9502,10831.07031,256670000
619,10825.54004,10825.54004,10439.51953,10482.84961,395330000
620,10483.95996,10796.25977,10310.25,10325.37988,299690000
621,10322.51953,10322.75977,9525.320312,9955.5,391460000
622,9955.419922,10124.03027,9436.669922,9447.110352,362520000
623,9437.230469,9628.070312,9194.780273,9258.099609,479270000
624,9261.69043,9448.139648,8579.19043,8579.19043,436740000
625,8568.669922,8901.280273,7882.509766,8451.19043,674920000
626,8462.419922,9427.990234,8462.179688,9387.610352,399290000
627,9388.969727,9794.370117,9085.429688,9310.990234,412740000
628,9301.910156,9308.759766,8530.120117,8577.910156,374350000
629,8577.040039,9013.269531,8197.669922,8979.259766,422450000
630,8975.349609,9281.120117,8718.25,8852.219727,360600000
631,8852.299805,9266.629883,8852.219727,9265.429688,241400000
632,9262.799805,9284.549805,9004.269531,9033.660156,231160000
633,9027.839844,9027.839844,8335.299805,8519.209961,348840000
634,8519.769531,8795.990234,8243.549805,8691.25,340740000
635,8683.209961,8683.209961,8187.47998,8378.950195,335680000
636,8375.919922,8599.099609,8143.589844,8175.77002,281180000
637,8178.720215,9082.080078,8174.72998,9065.120117,372160000
638,9062.330078,9363.320312,8890.290039,8990.959961,316230000
639,9004.660156,9266.469727,8976.870117,9180.69043,267210000
640,9179.089844,9454.360352,9119.200195,9325.009766,310950000
641,9326.040039,9410.549805,9255.480469,9319.830078,180970000
642,9323.889648,9653.950195,9323.889648,9625.280273,254930000
643,9616.599609,9616.599609,9111.469727,9139.269531,264640000
644,9134.009766,9155.44043,8637.169922,8695.790039,344350000
645,8696.030273,8961.570312,8696.030273,8943.80957,246300000
646,8946.599609,9159.580078,8760.459961,8870.540039,221230000
647,8864.320312,8867.910156,8560.709961,8693.959961,257270000
648,8684.519531,8684.599609,8265.290039,8282.660156,314660000
649,8281.139648,8876.589844,7965.419922,8835.25,476600000
650,8822.19043,8923.179688,8469.990234,8497.30957,304370000
651,8494.839844,8571.299805,8246.889648,8273.580078,278220000
652,8273.339844,8477.950195,8105.439941,8424.75,366390000
653,8420.69043,8504.639648,7987.080078,7997.279785,350470000
654,7995.529785,8187.399902,7506.970215,7552.290039,528130000
655,7552.370117,8071.75,7449.379883,8046.419922,569010000
656,8048.089844,8599.019531,8048.089844,8443.389648,491890000
657,8445.139648,8607.379883,8281.459961,8479.469727,374020000
658,8464.490234,8726.610352,8311.169922,8726.610352,283920000
659,8724.700195,8831.349609,8672.69043,8829.040039,155510000
660,8826.889648,8827.049805,8141.359863,8149.089844,321010000
661,8153.75,8437.169922,8143.509766,8419.089844,307520000
662,8409.139648,8624.19043,8234.150391,8591.69043,294680000
663,8587.070312,8631.990234,8259.400391,8376.240234,280880000
664,8376.080078,8686.469727,8118.5,8635.419922,346370000
665,8637.650391,9026.410156,8637.490234,8934.179688,358970000
666,8934.099609,8934.099609,8651.740234,8691.330078,284950000
667,8693,8879.219727,8646.330078,8761.419922,232830000
668,8750.129883,8809.450195,8512.759766,8565.089844,290540000
669,8563.099609,8682.570312,8347.80957,8629.679688,271030000
670,8628.80957,8676.280273,8469.030273,8564.530273,229940000
671,8565.650391,8958.790039,8565.650391,8924.139648,337190000
672,8921.910156,8961.259766,8778.070312,8824.339844,239260000
673,8823.94043,8883.360352,8527.410156,8604.990234,274080000
674,8606.5,8787.230469,8550.429688,8579.110352,550150000
675,8573.370117,8601.410156,8372.019531,8519.69043,211090000
676,8518.650391,8604.120117,8391.299805,8419.490234,174640000
677,8416.860352,8498.5,8416.860352,8468.480469,66930000
678,8468.709961,8533.070312,8461.780273,8515.549805,86760000
679,8515.870117,8530.679688,8364.05957,8483.929688,153730000
680,8487.509766,8675.240234,8487.509766,8668.389648,162560000
681,8666.480469,8842.660156,8664.889648,8776.389648,226760000
682,8772.25,9065.280273,8760.780273,9034.69043,213700000
683,9027.129883,9034.370117,8892.360352,8952.889648,233760000
684,8954.570312,9088.05957,8940.950195,9015.099609,215410000
685,8996.94043,8996.94043,8719.919922,8769.700195,266710000
686,8769.94043,8770.019531,8651.19043,8742.459961,226620000
687,8738.799805,8769.620117,8576.959961,8599.179688,204300000
688,8599.259766,8602.599609,8421.080078,8473.969727,273550000
689,8474.610352,8522.080078,8376.879883,8448.55957,304050000
690,8446.009766,8446.25,8140.720215,8200.139648,355050000
691,8196.240234,8286.160156,7995.129883,8212.490234,436660000
692,8215.669922,8341.200195,8109.339844,8281.219727,439360000
693,8279.629883,8291.980469,7939.930176,7949.089844,419200000
694,7949.169922,8243.549805,7936.189941,8228.099609,410040000
695,8224.429688,8224.830078,7957.140137,8122.799805,420040000
696,8108.790039,8152.589844,7909.029785,8077.560059,370510000
697,8078.040039,8231.679688,8023.160156,8116.029785,316720000
698,8117.390137,8225.790039,8083.140137,8174.72998,247750000
699,8175.930176,8405.870117,8175.930176,8375.450195,357940000
700,8373.05957,8373.139648,8137.939941,8149.009766,247450000
701,8149.009766,8195.759766,7961.919922,8000.859863,303160000
702,8000.620117,8000.620117,7867.370117,7936.75,293890000
703,7936.990234,8111.569824,7905.52002,8078.359863,313090000
704,8070.319824,8162.149902,7929.259766,7956.660156,345520000
705,7954.830078,8107.830078,7845.310059,8063.069824,390980000
706,8056.379883,8312.370117,8052.240234,8280.589844,396380000
707,8281.379883,8315.070312,8196.240234,8270.870117,289280000
708,8269.360352,8269.44043,7848.740234,7888.879883,449890000
709,7887.049805,7983.740234,7852.160156,7939.529785,270280000
710,7931.970215,7938.819824,7693.97998,7932.759766,331960000
711,7933,7970.839844,7840.450195,7850.410156,251960000
712,7845.629883,7845.629883,7551.009766,7552.600098,332850000
713,7546.350098,7617.759766,7479.970215,7555.629883,268220000
714,7555.22998,7614.970215,7447.549805,7465.950195,301480000
715,7461.490234,7469.290039,7249.470215,7365.669922,584900000
716,7365.990234,7441.02002,7105.939941,7114.779785,406150000
717,7115.339844,7378.970215,7114.299805,7350.939941,468010000
718,7349.580078,7404.939941,7156.680176,7270.890137,450270000
719,7269.060059,7402.310059,7173.560059,7182.080078,321300000
720,7180.970215,7195.459961,7033.620117,7062.930176,667950000
721,7056.47998,7058.950195,6755.169922,6763.290039,568670000
722,6764.810059,6855.290039,6705.629883,6726.02002,445280000
723,6726.5,6979.220215,6726.419922,6875.839844,464830000
724,6874.009766,6874.009766,6544.100098,6594.439941,509770000
725,6595.160156,6755.169922,6469.950195,6626.939941,425170000
726,6625.740234,6709.609863,6516.859863,6547.049805,365990000
727,6547.009766,6926.490234,6546.609863,6926.490234,640020000
728,6923.129883,7015.060059,6867.549805,6930.399902,524430000
729,6932.390137,7184.709961,6872.25,7170.060059,488690000
730,7167.350098,7242.620117,7105.859863,7223.97998,479010000
731,7225.330078,7392.910156,7206.850098,7216.970215,586970000
732,7218,7396.810059,7172.049805,7395.700195,391880000
733,7395.700195,7571.640137,7257.27002,7486.580078,584110000
734,7489.680176,7548.459961,7369.259766,7400.799805,559920000
735,7402.310059,7460.930176,7257.830078,7278.379883,672950000
736,7279.25,7780.720215,7278.779785,7775.859863,515600000
737,7773.470215,7796.569824,7646.990234,7659.970215,379670000
738,7659.810059,7863.629883,7550.060059,7749.810059,454090000
739,7752.359863,7931.330078,7752.279785,7924.560059,397260000
740,7922.569824,7922.569824,7735.950195,7776.180176,323650000
741,7773.310059,7773.390137,7437.589844,7522.02002,383260000
742,7523.77002,7725.359863,7523.450195,7608.919922,399840000
743,7606.129883,7789,7483.870117,7761.600098,361340000
744,7763.990234,8075.72998,7763.990234,7978.080078,442820000
745,7980.629883,8019.5,7897.240234,8017.589844,308210000
746,8016.160156,8016.160156,7862.200195,7975.850098,247400000
747,7968.919922,7969.080078,7762.080078,7789.560059,276920000
748,7788.680176,7887.52002,7750.850098,7837.109863,255350000
749,7839.890137,8087.279785,7839.890137,8083.379883,462060000
750,8082.02002,8113.410156,7963.75,8057.810059,424250000
751,8057.410156,8057.410156,7902.259766,7920.180176,513010000
752,7914.919922,8041.319824,7870.47998,8029.620117,413280000
753,8029.140137,8168.120117,7962.709961,8125.430176,359470000
754,8125.430176,8190.660156,8086.879883,8131.330078,537670000
755,8128.939941,8128.939941,7840.450195,7841.72998,453660000
756,7841.72998,7979.200195,7791.950195,7969.560059,424030000
757,7964.779785,8044.830078,7868.009766,7886.569824,387030000
758,7886.810059,7979.439941,7804.209961,7957.060059,327240000
759,7957.450195,8127.5,7957.450195,8076.290039,402720000
760,8073.819824,8122.560059,7987.160156,8025,282990000
761,8023.560059,8091.660156,7938.97998,8016.950195,274710000
762,8018.310059,8257.570312,8017.910156,8185.72998,300340000
763,8188.509766,8307.509766,8136.899902,8168.120117,341400000
764,8167.410156,8219.80957,8099.310059,8212.410156,237360000
765,8213.599609,8434.860352,8213.599609,8426.740234,354490000
766,8425.549805,8458.120117,8362.780273,8410.650391,311490000
767,8403.480469,8518.570312,8403,8512.280273,454480000
768,8512.280273,8577.19043,8358,8409.849609,476640000
769,8410.730469,8587.549805,8410.730469,8574.650391,428420000
770,8569.230469,8569.230469,8410.330078,8418.769531,332630000
771,8419.169922,8517.459961,8365.650391,8469.110352,334840000
772,8461.799805,8462.040039,8262.429688,8284.889648,336930000
773,8285.919922,8376.639648,8273.900391,8331.320312,323800000
774,8326.219727,8394.959961,8230.169922,8268.639648,308820000
775,8270.150391,8511.879883,8270.150391,8504.080078,288280000
776,8502.480469,8538.009766,8463.540039,8474.849609,277710000
777,8471.820312,8591.929688,8405.469727,8422.040039,468640000
778,8416.070312,8416.150391,8221.009766,8292.129883,302280000
779,8292.209961,8364.139648,8257.169922,8277.320312,244190000
780,8277.320312,8495.709961,8226.900391,8473.490234,314760000
781,8473.650391,8496.589844,8289.349609,8300.019531,285990000
782,8300.5,8434.620117,8246.580078,8403.799805,290730000
783,8404.040039,8522.950195,8368.519531,8500.330078,361910000
784,8501.530273,8760.700195,8501.290039,8721.44043,354830000
785,8721.599609,8787.129883,8693.719727,8740.870117,257560000
786,8740.070312,8740.389648,8598.379883,8675.240234,252160000
787,8675.280273,8751.25,8634.570312,8750.240234,237800000
788,8751.75,8839.400391,8700.410156,8763.129883,254970000
789,8759.349609,8823.969727,8633.070312,8764.490234,189630000
790,8764.830078,8803.259766,8725.120117,8763.05957,187930000
791,8763.660156,8834.929688,8639.950195,8739.019531,219920000
792,8736.230469,8877.929688,8736.230469,8770.919922,249900000
793,8770.009766,8805.530273,8716.730469,8799.259766,164020000
794,8798.5,8798.5,8577.900391,8612.129883,230220000
795,8612.44043,8643.650391,8499.379883,8504.669922,240690000
796,8504.360352,8563.009766,8461.290039,8497.179688,237870000
797,8496.730469,8590.519531,8475.120117,8555.599609,220050000
798,8556.959961,8616.589844,8496.730469,8539.730469,528710000
799,8538.519531,8538.830078,8334.549805,8339.009766,291240000
800,8340.44043,8370.900391,8286.410156,8322.910156,237150000
801,8323.509766,8428.410156,8259.879883,8299.860352,189430000
802,8299.25,8490.459961,8259.429688,8472.400391,222540000
803,8468.540039,8468.769531,8401.360352,8438.389648,307640000
804,8440.129883,8533.230469,8429.089844,8529.379883,216480000
805,8528.929688,8560.44043,8393.950195,8447,233340000
806,8447.530273,8580.469727,8447.530273,8504.05957,184600000
807,8503,8503.230469,8280.740234,8280.740234,157800000
808,8280.740234,8327.969727,8205.990234,8324.870117,206900000
809,8324.950195,8326.30957,8154.379883,8163.600098,210880000
810,8163.600098,8219.519531,8087.189941,8178.410156,325250000
811,8179.009766,8228.669922,8145.310059,8183.169922,192660000
812,8182.490234,8183.850098,8093.310059,8146.52002,174260000
813,8146.52002,8331.679688,8130.419922,8331.679688,253520000
814,8331.370117,8361.230469,8285.200195,8359.490234,189170000
815,8363.950195,8628.230469,8363.950195,8616.209961,3.05E+08
816,8612.660156,8739.549805,8584.400391,8711.820312,216580000
817,8711.889648,8754.290039,8674.410156,8743.94043,301410000
818,8746.049805,8854.799805,8745.900391,8848.150391,213730000
819,8848.150391,8927.129883,8811.269531,8915.94043,218910000
820,8912.389648,8949.799805,8860.320312,8881.259766,199010000
821,8882.30957,9096.719727,8866.44043,9069.290039,274760000
822,9066.110352,9100.879883,9007.389648,9093.240234,214310000
823,9093.089844,9123.400391,9034.519531,9108.509766,176830000
824,9106.919922,9124.910156,9007.469727,9096.719727,198270000
825,9092.339844,9094.830078,9014.19043,9070.719727,190510000
826,9072.839844,9246.429688,9072.610352,9154.459961,232410000
827,9154.610352,9218.769531,9133.450195,9171.610352,265570000
828,9173.650391,9298.429688,9173.650391,9286.55957,221690000
829,9285.049805,9321.099609,9250.740234,9320.19043,195990000
830,9315.360352,9318.080078,9206.450195,9280.969727,236610000
831,9277.19043,9325.110352,9208.799805,9256.259766,244450000
832,9258.450195,9437.709961,9258.450195,9370.070312,216600000
833,9368.410156,9371.959961,9290.339844,9337.950195,161370000
834,9334.330078,9334.330078,9216.879883,9241.450195,171380000
835,9236.05957,9424.110352,9221.019531,9361.610352,197420000
836,9362.290039,9406.5,9305.30957,9398.19043,145620000
837,9398.040039,9401.969727,9232.830078,9321.400391,172780000
838,9313.849609,9313.849609,9116.519531,9135.339844,207100000
839,9134.360352,9233.509766,9134.360352,9217.94043,158530000
840,9208.679688,9313.089844,9131.94043,9279.160156,176910000
841,9278.549805,9363.950195,9267.969727,9350.049805,151740000
842,9347.860352,9519.110352,9347.25,9505.959961,293530000
843,9506.179688,9587.730469,9486.230469,9509.280273,190590000
844,9509.209961,9620,9508.980469,9539.290039,173890000
845,9538.610352,9582.969727,9485.780273,9543.519531,154660000
846,9541.629883,9609.719727,9459.400391,9580.629883,163980000
847,9582.740234,9630.200195,9495.980469,9544.200195,205770000
848,9542.910156,9543.05957,9436.129883,9496.280273,201600000
849,9492.320312,9557.950195,9292.080078,9310.599609,267680000
850,9306.209961,9330.929688,9262.299805,9280.669922,175200000
851,9282.030273,9350.269531,9252.929688,9344.610352,168750000
852,9345.360352,9445.719727,9321.629883,9441.269531,152400000
853,9440.129883,9511.019531,9439.980469,9497.339844,202370000
854,9496.589844,9577.219727,9476.179688,9547.219727,190820000
855,9546.540039,9633,9508.219727,9627.480469,234130000
856,9625.44043,9649.849609,9571.55957,9605.410156,196760000
857,9598.080078,9631.110352,9535.959961,9626.799805,196480000
858,9626.419922,9713.709961,9580.929688,9683.410156,224030000
859,9683.709961,9799.719727,9679.179688,9791.709961,241270000
860,9789.820312,9854.580078,9749.459961,9783.919922,225470000
861,9784.75,9847.709961,9784.679688,9820.200195,424930000
862,9818.610352,9818.69043,9725.879883,9778.860352,172830000
863,9779.610352,9843.400391,9771.910156,9829.870117,194620000
864,9830.629883,9917.990234,9740.839844,9748.549805,233330000
865,9749.990234,9805.389648,9666.030273,9707.44043,201890000
866,9706.679688,9735.929688,9641.009766,9665.19043,189350000
867,9663.230469,9823.669922,9663.230469,9789.360352,163780000
868,9789.740234,9834.480469,9739.110352,9742.200195,1.54E+08
869,9741.830078,9776.820312,9608.589844,9712.280273,268390000
870,9711.599609,9711.669922,9500.370117,9509.280273,266990000
871,9507.620117,9524.780273,9430.080078,9487.669922,219750000
872,9488.730469,9625.05957,9481.089844,9599.75,173850000
873,9601.259766,9774.320312,9601.259766,9731.25,206020000
874,9725.69043,9740.320312,9675.620117,9725.580078,167650000
875,9728.219727,9836.669922,9728.070312,9786.870117,209580000
876,9786.040039,9865.009766,9764.879883,9864.94043,161120000
877,9865.240234,9931.820312,9849.370117,9885.799805,158850000
878,9883.980469,9895.089844,9815.05957,9871.05957,211510000
879,9873.549805,10027.73047,9873.480469,10015.86035,284810000
880,10014.87988,10062.94043,9977.469727,10062.94043,252480000
881,10061.36035,10061.66016,9939.910156,9995.910156,307770000
882,9996.669922,10117.95996,9995.150391,10092.19043,186240000
883,10092.41992,10098.38965,9992.80957,10041.48047,214500000
884,10038.83984,10119.46973,9943.759766,9949.360352,251050000
885,9946.179688,10105.19043,9916.780273,10081.30957,231900000
886,10099.90039,10109.57031,9932.5,9972.179688,305670000
887,9972.330078,10072.32031,9849.450195,9867.959961,270050000
888,9868.339844,9947.540039,9837.959961,9882.169922,237060000
889,9881.110352,9902.419922,9758.080078,9762.69043,257370000
890,9762.910156,9969.910156,9759.129883,9962.580078,248950000
891,9961.519531,9962.129883,9684.540039,9712.730469,327980000
892,9712.129883,9858.589844,9678.950195,9789.44043,242460000
893,9787.469727,9787.469727,9703.889648,9771.910156,231520000
894,9767.299805,9928.040039,9767.139648,9802.139648,224130000
895,9807.799805,10013.07031,9807.799805,10005.95996,211040000
896,10001.34961,10044.5,9936.80957,10023.41992,181010000
897,10020.62012,10228.23047,10020.62012,10226.94043,227470000
898,10223.00977,10260.79981,10197.69043,10246.96973,193950000
899,10247.41992,10341.96973,10246.13965,10291.25977,166920000
900,10289.82031,10321.63965,10171.24023,10197.46973,183810000
901,10197.84961,10305.69043,10192.03027,10270.46973,167280000
902,10267.53027,10434.24023,10267.4502,10406.95996,202570000
903,10404.76953,10438.16992,10361.99023,10437.41992,158320000
904,10426.26953,10432.66016,10360.09961,10426.30957,166340000
905,10425.33008,10425.33008,10256.11035,10332.44043,196250000
906,10327.91016,10342.71973,10271.67969,10318.16016,230430000
907,10320.12988,10495.61035,10320.04981,10450.9502,182350000
908,10451.25,10453.96973,10359.58008,10433.70996,163750000
909,10432.95996,10481.48047,10420.94043,10464.40039,130080000
910,10452.23047,10452.23047,10231.25,10309.91992,130290000
911,10309.76953,10364.33984,10263.29004,10344.83984,223580000
912,10343.82031,10501.28027,10343.44043,10471.58008,190220000
913,10470.44043,10513.51953,10421.46973,10452.67969,159500000
914,10455.62988,10507.62988,10350.04981,10366.15039,243970000
915,10368.57031,10516.7002,10311.80957,10388.90039,460660000
916,10386.86035,10443.16016,10360.17969,10390.11035,196580000
917,10385.41992,10385.65039,10249.83984,10285.96973,221770000
918,10282.84961,10342.26953,10235.62988,10337.04981,188610000
919,10336,10444.59961,10335.76953,10405.83008,195910000
920,10403.41016,10484.04981,10400.08008,10471.5,179970000
921,10471.28027,10514.66016,10471.28027,10501.04981,154360000
922,10499.30957,10499.30957,10426.69043,10452,187560000
923,10449.80957,10509.96973,10427.58984,10441.12012,208310000
924,10439.99023,10440.05957,10307.95996,10308.25977,198860000
925,10309.38965,10372.34961,10263.90039,10328.88965,480080000
926,10330.09961,10458.04981,10329.79981,10414.13965,164470000
927,10414.66992,10479.82031,10414.58984,10464.92969,135080000
928,10464.32031,10492.05957,10437.79981,10466.44043,112460000
929,10467.12012,10522.05957,10461.67969,10520.08984,52670000
930,10517.91016,10551.61035,10506.33984,10547.08008,102010000
931,10547.83008,10580.33008,10544.28027,10545.41016,92890000
932,10544.36035,10550.7002,10505.66016,10548.50977,110160000
933,10548.50977,10555.00977,10423.12988,10428.04981,137940000
934,10430.69043,10604.96973,10430.69043,10583.95996,179780000
935,10584.55957,10584.55957,10522.51953,10572.01953,188540000
936,10564.71973,10594.99023,10546.54981,10573.67969,186040000
937,10571.11035,10612.37012,10505.20996,10606.86035,217390000
938,10606.40039,10619.40039,10554.33008,10618.19043,172710000
939,10620.30957,10676.23047,10591.58984,10663.99023,182050000
940,10662.86035,10663.08008,10568.83984,10627.25977,256050000
941,10628.08984,10709.25977,10614.49023,10680.76953,202810000
942,10680.16016,10723.76953,10666.86035,10710.54981,201320000
943,10706.99023,10709.94043,10561.05957,10609.65039,362930000
944,10608.37012,10729.88965,10591.96973,10725.42969,192150000
945,10719.69043,10719.91992,10517.29981,10603.15039,203270000
946,10603.91016,10614.94043,10374.69043,10389.87988,304290000
947,10389.58008,10389.58008,10157.63965,10172.98047,323620000
948,10175.09961,10256.87012,10171.76953,10196.86035,215330000
949,10195.34961,10285.12988,10155.59961,10194.29004,217300000
950,10194.29004,10255.05957,10104.36035,10236.16016,262170000
951,10236.91992,10258.83008,10055.08008,10120.45996,240050000
952,10122.04004,10239.33984,10043.75,10067.33008,316900000
953,10068.99023,10190.88965,10068.91016,10185.53027,198430000
954,10186.12988,10314.83984,10173.58984,10296.84961,237140000
955,10291.73047,10307.2002,10231.92969,10270.54981,198940000
956,10273.12012,10273.12012,9998.030273,10002.17969,304240000
957,10003.69043,10031.95996,9835.089844,10012.23047,308320000
958,10005.42969,10028.55957,9904.089844,9908.389648,216270000
959,9910.280273,10139.42969,9910.05957,10058.63965,236210000
960,10055.45996,10085.54004,9962.959961,10038.37988,178600000
961,10037.84961,10161.57031,9976.709961,10144.19043,194470000
962,10137.23047,10137.38965,9983.820312,10099.13965,296510000
963,10100.80957,10279.54004,10100.80957,10268.80957,234900000
964,10261.48047,10320.12988,10261.48047,10309.24023,193270000
965,10309.38965,10406.58008,10294.50977,10392.90039,185310000
966,10387.76953,10438.54981,10339.16992,10402.34961,241750000
967,10402.42969,10433.63965,10368.9502,10383.37988,158440000
968,10383.16016,10411.12012,10267.83008,10282.41016,190740000
969,10284,10393.50977,10283.92969,10374.16016,181450000
970,10366.59961,10366.67969,10185.83008,10321.03027,242550000
971,10321.41016,10353.4502,10272.29004,10325.25977,282120000
972,10326.09961,10413.99023,10326.09961,10403.79004,173750000
973,10404.16016,10456.91992,10389.42969,10405.98047,217180000
974,10406.28027,10469.54004,10376.58008,10396.75977,183290000
975,10396.53027,10452.37988,10390.86035,10444.13965,165740000
976,10445.12988,10571.94043,10445.04981,10566.2002,184270000
977,10563.78027,10587.74023,10542.38965,10552.51953,171780000
978,10552.24023,10612.59961,10533.92969,10564.37988,219860000
979,10560.12988,10601.79004,10526.51953,10567.33008,186570000
980,10560.98047,10611.83984,10507.16992,10611.83984,1.50E+08
981,10611.76953,10644.9502,10594.83984,10624.69043,166140000
982,10623.41016,10644.19043,10570.50977,10642.15039,160570000
983,10642.53027,10693.99023,10621.90039,10685.98047,227410000
984,10686.36035,10767.98047,10686.36035,10733.66992,194190000
985,10733.44043,10784,10728.15039,10779.16992,153280000
986,10780,10819.90039,10694.21973,10741.98047,434190000
987,10741,10809.84961,10695.12988,10785.88965,157200000
988,10787.17969,10893.88965,10784.75977,10888.83008,189140000
989,10887.62012,10887.83984,10825.41992,10836.15039,195570000
990,10837.50977,10955.48047,10834.19043,10841.20996,200330000
991,10841.29004,10909.37988,10816.42969,10850.36035,175490000
992,10849.23047,10916.63965,10849.23047,10895.86035,136710000
993,10895.01953,10940.21973,10866.83008,10907.41992,148810000
994,10907.33984,10907.41992,10832.83008,10856.62988,197060000
995,10857.30957,10956.38965,10857.30957,10927.07031,159520000
996,10927.4502,10988.05957,10923.96973,10973.54981,139480000
997,10972.49023,10987.37988,10927.51953,10969.99023,159960000
998,10961.9502,10962.66016,10845.4502,10897.51953,1.87E+08
999,10896.99023,10949.36035,10844.08984,10927.07031,158930000
1000,10926.91992,11000.98047,10926.91992,10997.34961,150660000
1001,10996.75,11029.76953,10992.20996,11005.96973,153960000
1002,11006.71973,11038.91992,10947.76953,11019.41992,183950000
1003,11020.7002,11125.21973,11020.62988,11123.11035,223920000
1004,11122.95996,11154.54981,11096.2002,11144.57031,203720000
1005,11143.66016,11153.79004,10973.91992,11018.66016,373950000
1006,11018.36035,11095.29981,10977.84961,11092.04981,214850000
1007,11093.11035,11146.08008,11081.46973,11117.05957,175170000
1008,11116.91016,11153.71973,11071.33984,11124.91992,188880000
1009,11119.78027,11149.86035,11016.40039,11134.29004,214700000
1010,11132.17969,11205.63965,11105.65039,11204.28027,207380000
1011,11205.11035,11258.00977,11187.65039,11205.03027,191920000
1012,11203.66992,11218.86035,10973.16992,10991.99023,263400000
1013,10988.87012,11078.51953,10965.37988,11045.26953,236760000
1014,11045.63965,11197.32031,11041.63965,11167.32031,194310000
1015,11168.23047,11197.92969,10999.69043,11008.61035,255130000
1016,11009.59961,11177.66992,11009.59961,11151.83008,178080000
1017,11149.48047,11149.48047,10869.25,10926.76953,242100000
1018,10918.40039,10946.79004,10814.83984,10866.83008,218830000
1019,10868.12012,10879.75977,9869.620117,10520.32031,459890000
1020,10519.41992,10579.12012,10241.23047,10380.42969,428730000
1021,10386.17969,10835.16992,10386.03027,10785.13965,313350000
1022,10780,10874.54004,10685.37988,10748.25977,223950000
1023,10742.15039,10909.08008,10742.15039,10896.91016,196630000
1024,10896.61035,10920.26953,10771.69043,10782.9502,201480000
1025,10780.67969,10780.75,10537.25,10620.16016,256500000
1026,10616.98047,10660.96973,10436.05957,10625.83008,221910000
1027,10625.4502,10718.86035,10482.2002,10510.9502,246370000
1028,10505.7002,10522.51953,10324.66016,10444.37012,266340000
1029,10440.20996,10440.20996,10065.36035,10068.00977,360350000
1030,10063.92969,10198.53027,9918.820312,10193.38965,438220000
1031,10193.45996,10196.41016,10052.66992,10066.57031,211430000
1032,10061.42969,10061.66016,9774.480469,10043.75,316960000
1033,10045.11035,10179.03027,9952.679688,9974.450195,316080000
1034,9971.730469,10264.2002,9971.730469,10258.99023,264770000
1035,10258,10258,10095.90039,10136.62988,243720000
1036,10133.94043,10218.33008,10013.90039,10024.01953,221900000
1037,10025.61035,10254.21973,10025.61035,10249.54004,200850000
1038,10250.66992,10315.20996,10175.01953,10255.28027,176870000
1039,10249.61035,10249.69043,9889.879883,9931.969727,256600000
1040,9931.75,9982.379883,9810.299805,9816.490234,222940000
1041,9812.94043,9953.660156,9757.549805,9939.980469,259680000
1042,9941.570312,10065.13965,9867.730469,9899.25,222680000
1043,9901.669922,10185.83008,9901.669922,10172.53027,221730000
1044,10166.78027,10215.98047,10082.70996,10211.07031,187890000
1045,10211.83008,10328.66992,10186.20996,10190.88965,177920000
1046,10192.40039,10408.32031,10192.40039,10404.76953,203170000
1047,10404.24023,10429.03027,10332.59961,10409.45996,165700000
1048,10409.98047,10441.2002,10319.21973,10434.16992,181070000
1049,10435,10483.44043,10424.49023,10450.63965,338010000
1050,10452.45996,10594.16016,10395.54981,10442.41016,165190000
1051,10441.9502,10493.57031,10283.40039,10293.51953,175750000
1052,10293.29981,10368.04004,10227.24023,10298.44043,195100000
1053,10297.08008,10298.05957,10128.84961,10152.79981,244440000
1054,10153.48047,10202.91016,10081.08008,10143.80957,434500000
1055,10143.04981,10201.92969,10101.41016,10138.51953,164100000
1056,10135.71973,10135.79981,9811.919922,9870.299805,290500000
1057,9868.339844,9908.919922,9753.839844,9774.019531,235090000
1058,9773.269531,9795.480469,9621.889648,9732.530273,262820000
1059,9732.530273,9770.870117,9614.320312,9686.480469,199570000
1060,9686.480469,9858.129883,9659.009766,9743.620117,261020000
1061,9743.620117,10026.59961,9736.700195,10018.28027,219560000
1062,10019.25977,10139.86035,10019.25977,10138.99023,192210000
1063,10138.99023,10201.76953,10118.41016,10198.03027,134810000
1064,10199.24023,10220.28027,10146.49023,10216.26953,131490000
1065,10217.54981,10407.82031,10217.54981,10363.01953,179040000
1066,10370.95996,10400.09961,10303,10366.71973,208530000
1067,10367.09961,10379.74023,10240.48047,10359.30957,2.10E+08
1068,10356.2002,10356.2002,10079.58008,10097.90039,335060000
1069,10098.12012,10187.28027,10073.67969,10154.42969,176970000
1070,10151.48047,10236.40039,10007.75977,10229.95996,194410000
1071,10226.01953,10265.54004,10065.5,10120.53027,203900000
1072,10121.80957,10363.24023,10121.80957,10322.29981,202220000
1073,10321.16016,10441.9502,10287.48047,10424.62012,2.00E+08
1074,10424.16992,10526.79004,10414.40039,10525.42969,178820000
1075,10525.28027,10578.33008,10494.86035,10537.69043,180550000
1076,10537.00977,10548.51953,10463.21973,10497.87988,162070000
1077,10498.94043,10584.99023,10387.38965,10467.16016,202110000
1078,10465.19043,10507.19043,10347.5,10465.94043,208160000
1079,10468.82031,10692.2002,10468.58984,10674.37988,167640000
1080,10673.91992,10676.9502,10600.95996,10636.37988,164880000
1081,10630.2002,10702.99023,10627.53027,10680.42969,173360000
1082,10679.66992,10679.75,10612.84961,10674.98047,139610000
1083,10668.54981,10668.7002,10515.37012,10653.55957,154870000
1084,10654.62012,10719.94043,10649.40039,10698.75,166330000
1085,10696.62988,10700.70996,10551.62012,10644.25,203490000
1086,10631.82031,10631.90039,10367.33008,10378.83008,219330000
1087,10361.58008,10361.65039,10268.70996,10319.9502,221030000
1088,10320.33008,10354.91992,10285.44043,10303.15039,151620000
1089,10303.07031,10333.12012,10209.53027,10302.00977,146040000
1090,10297.62988,10480.44043,10297.46973,10405.84961,191340000
1091,10398.58984,10472.29981,10330.01953,10415.54004,168560000
1092,10411.15039,10411.15039,10216.19043,10271.20996,227740000
1093,10270.98047,10270.98047,10147.24023,10213.62012,251150000
1094,10215.50977,10304.7002,10170.29004,10174.41016,1.73E+08
1095,10173.04981,10173.04981,9991.179688,10040.4502,223680000
1096,10040.15039,10097.40039,9937.980469,10060.05957,183890000
1097,10059.90039,10104.70996,9968.099609,9985.80957,176330000
1098,9982.179688,10159.87988,9936.620117,10150.65039,207760000
1099,10145.58008,10150.57031,10007.67969,10009.73047,150480000
1100,10006.41992,10073.37988,9941.839844,10014.71973,255420000
1101,10016.00977,10279.08008,10016.00977,10269.46973,205710000
1102,10270.08008,10320.37012,10253.95996,10320.09961,149930000
1103,10321.91992,10451.15039,10321.83984,10447.92969,168600000
1104,10446.79981,10446.79981,10332.40039,10340.69043,149040000
1105,10338.49023,10426.7002,10335.69043,10387.00977,166760000
1106,10388.13965,10476.62012,10386.62988,10415.24023,163590000
1107,10415.00977,10471.28027,10403.16992,10462.76953,140320000
1108,10458.59961,10567.58984,10458.59961,10544.12988,190720000
1109,10544.73047,10588.32031,10499.7002,10526.49023,192410000
1110,10526.41992,10587.79981,10480.78027,10572.73047,167420000
1111,10571.75,10603.69043,10522.48047,10594.83008,170300000
1112,10595.54981,10650.16016,10567.36035,10607.84961,367230000
1113,10608.08008,10774.12988,10608.08008,10753.62012,157120000
1114,10753.38965,10833.38965,10717.74023,10761.03027,186740000
1115,10761.11035,10805.37988,10708.40039,10739.30957,168590000
1116,10738.48047,10761.94043,10640.91992,10662.41992,156830000
1117,10664.38965,10865.78027,10664.30957,10860.25977,179270000
1118,10860.03027,10873.2002,10809.62012,10812.04004,143910000
1119,10809.16992,10886.20996,10728.63965,10858.13965,167110000
1120,10857.98047,10869.25977,10798.87988,10835.28027,158830000
1121,10836.04004,10948.87988,10745.44043,10788.04981,214540000
1122,10789.71973,10866.54004,10780.63965,10829.67969,161890000
1123,10828.84961,10853.70996,10711.12012,10751.26953,160370000
1124,10752.78027,10965.61035,10752.62988,10944.71973,216240000
1125,10936.79004,10974.16016,10918.57031,10967.65039,163440000
1126,10968.41016,10998.53027,10892.75977,10948.58008,141920000
1127,10948.5,11032.16992,10929.28027,11006.48047,152280000
1128,11006.92969,11030.5,10977.90039,11010.33984,114830000
1129,11010.79004,11053.20996,10913.83984,11020.40039,155150000
1130,11022.82031,11155.23047,11022.07031,11096.08008,224920000
1131,11096.99023,11112.2002,11023.54004,11094.57031,196170000
1132,11096.00977,11141.19043,11010.67969,11062.78027,319210000
1133,11062.62988,11159.04981,11054.75977,11143.69043,190290000
1134,11139.59961,11139.59961,10917.62012,10978.62012,247640000
1135,10974.51953,11152.87988,10970.88965,11107.96973,220140000
1136,11105.24023,11213.54004,11066.19043,11146.57031,178060000
1137,11146.41016,11159.04981,11109.25,11132.55957,104570000
1138,11133.40039,11247.59961,11132.33984,11164.04981,168110000
1139,11163.13965,11184.82031,11087,11169.45996,159040000
1140,11168.40039,11168.40039,11020.82031,11126.28027,167080000
1141,11127.33984,11179.33984,11052.59961,11113.9502,156250000
1142,11120.4502,11131.00977,11075.79981,11118.49023,189650000
1143,11120.29981,11244.26953,11062.33008,11124.62012,150130000
1144,11125.21973,11219.51953,11125.21973,11188.71973,150390000
1145,11184.87988,11226.63965,11097.37012,11215.12988,177580000
1146,11216.65039,11440.37012,11216.65039,11434.83984,234680000
1147,11435.21973,11451.53027,11393.51953,11444.08008,211670000
1148,11439.54004,11439.61035,11362.53027,11406.83984,143990000
1149,11403.58984,11421.13965,11303.19043,11346.75,161910000
1150,11342.80957,11366.16016,11255.01953,11357.04004,164170000
1151,11326.69043,11326.76953,11231.21973,11283.09961,296660000
1152,11281.28027,11283.7002,11143.83984,11192.58008,217650000
1153,11194.01953,11280.90039,11189.09961,11201.96973,155660000
1154,11194.7002,11194.7002,10978.92969,11023.5,254570000
1155,11017.83008,11042.16016,10990.80957,11007.87988,160250000
1156,11010.49023,11199.69043,11010.33984,11181.23047,171770000
1157,11180.76953,11206.16992,11119.24023,11203.54981,219400000
1158,11201.66016,11206.04981,11054.53027,11178.58008,152850000
1159,11177.59961,11180.16992,10992.16992,11036.37012,192820000
1160,11037.34961,11195.99023,11037.34961,11187.28027,138280000
1161,11183.5,11183.5,11067.16992,11091.87012,68400000
1162,11083.75,11083.82031,10929.28027,11052.49023,151530000
1163,11049.71973,11062.62988,10942.98047,11006.01953,233770000
1164,11007.23047,11276.09961,11007.23047,11255.78027,202520000
1165,11255.92969,11373.79981,11255.84961,11362.41016,212090000
1166,11361.87988,11388.87012,11318.82031,11382.08984,149440000
1167,11381.33008,11392.08008,11350.26953,11362.19043,122240000
1168,11363.84961,11450.88965,11354.08984,11359.16016,175720000
1169,11354.4502,11389.08984,11327.49023,11372.48047,152510000
1170,11370.44043,11413.34961,11331.5,11370.05957,167970000
1171,11370.05957,11413.69043,11357.71973,11410.32031,151820000
1172,11406.16016,11480.03027,11405.33008,11428.55957,151190000
1173,11429.24023,11514.08008,11428.94043,11476.54004,149860000
1174,11475.63965,11519.04004,11445.66992,11457.46973,189670000
1175,11457.92969,11514.83984,11421.29981,11499.25,163040000
1176,11499.01953,11503.17969,11451,11491.91016,358300000
1177,11491.29981,11517.07031,11442.67969,11478.12988,125360000
1178,11478.36035,11549.12012,11478.29004,11533.16016,119420000
1179,11532.16992,11566.99023,11528.08008,11559.49023,122040000
1180,11559.11035,11580.83984,11542.62012,11573.49023,100840000
1181,11572.80957,11573.19043,11518.44043,11555.03027,76820000
1182,11554.79981,11591.12988,11541.13965,11575.54004,114100000
1183,11572.74023,11625,11572.66016,11585.37988,77800000
1184,11585.37988,11594.37988,11551.92969,11569.70996,76820000
1185,11569.33008,11597.41016,11530.32031,11577.50977,93330000
1186,11577.42969,11711.46973,11577.34961,11670.75,203420000
1187,11670.90039,11698.21973,11635.74023,11691.17969,178630000
1188,11688.61035,11742.67969,11652.88965,11722.88965,169990000
1189,11716.92969,11736.74023,11667.45996,11697.30957,193080000
1190,11696.86035,11726.94043,11599.67969,11674.75977,188720000
1191,11672.33984,11677.33008,11573.87012,11637.4502,150340000
1192,11638.50977,11704.12012,11635.48047,11671.87988,157440000
1193,11673.62012,11782.23047,11673.62012,11755.44043,144960000
1194,11753.7002,11757.25,11700.53027,11731.90039,161660000
1195,11732.12988,11794.15039,11698.83008,11787.37988,200770000
1196,11783.82031,11858.78027,11777.99023,11837.92969,203390000
1197,11834.20996,11861.24023,11798.45996,11825.29004,166250000
1198,11823.7002,11845.16016,11744.76953,11822.79981,180800000
1199,11822.9502,11905.48047,11822.79981,11871.83984,249480000
1200,11873.42969,11982.94043,11867.98047,11980.51953,1.84E+08
1201,11980.51953,11985.96973,11898.74023,11977.19043,191950000
1202,11978.84961,12020.51953,11961.83008,11985.44043,168320000
1203,11985.36035,12019.53027,11971.92969,11989.83008,167770000
1204,11990.36035,12012.41992,11803.04004,11823.7002,214170000
1205,11824.38965,11891.92969,11817.87988,11891.92969,206580000
1206,11892.5,12050.75,11892.5,12040.16016,180890000
1207,12038.26953,12057.91016,12018.50977,12041.96973,143440000
1208,12040.67969,12080.54004,11981.04981,12062.25977,143710000
1209,12061.73047,12092.41992,12025.78027,12092.15039,121780000
1210,12092.37988,12188.75977,12092.29981,12161.62988,132960000
1211,12152.7002,12238.79004,12150.04981,12233.15039,126650000
1212,12229.29004,12254.23047,12188.19043,12239.88965,162910000
1213,12239.66016,12239.66016,12156.94043,12229.29004,274440000
1214,12227.78027,12285.94043,12180.48047,12273.25977,184290000
1215,12266.83008,12276.20996,12235.91016,12268.19043,146350000
1216,12266.75,12267.66016,12193.26953,12226.63965,142580000
1217,12219.79004,12303.16016,12219.79004,12288.16992,146270000
1218,12287.71973,12331.30957,12253.24023,12318.13965,130860000
1219,12318.66992,12391.29004,12303.23047,12391.25,230040000
1220,12389.74023,12389.82031,12176.30957,12212.79004,201860000
1221,12211.80957,12221.12012,12063.42969,12105.78027,213490000
1222,12104.55957,12129.62012,11983.16992,12068.5,190860000
1223,12060.92969,12151.03027,12060.92969,12130.4502,147540000
1224,12130.4502,12235.04004,12130.15039,12226.33984,199560000
1225,12226.49023,12261.37988,12054.99023,12058.01953,183240000
1226,12057.33984,12115.12012,12018.62988,12066.79981,147270000
1227,12068.00977,12283.09961,12068.00977,12258.2002,157840000
1228,12258.87988,12271.37012,12079.50977,12169.87988,166700000
1229,12171.08984,12243.44043,12041.59961,12090.03027,176200000
1230,12085.87012,12251.2002,12072.20996,12214.37988,158610000
1231,12211.16016,12257.82031,12156.59961,12213.08984,128360000
1232,12211.42969,12211.42969,11974.38965,11984.61035,180660000
1233,11976.95996,12087.00977,11936.32031,12044.40039,143670000
1234,12042.12988,12042.12988,11897.30957,11993.16016,1.63E+08
1235,11988.69043,11988.69043,11696.25,11855.41992,221930000
1236,11854.2002,11856.7002,11555.48047,11613.29981,254070000
1237,11614.88965,11800.54004,11614.82031,11774.58984,182260000
1238,11777.23047,11927.08984,11777.23047,11858.51953,355050000
1239,11860.11035,12078.29981,11860.11035,12036.53027,143390000
1240,12036.37012,12050.98047,12002.84961,12018.62988,115660000
1241,12018.40039,12116.13965,11972.61035,12086.01953,133940000
1242,12087.54004,12191.17969,12087.54004,12170.55957,131610000
1243,12170.70996,12259.79004,12170.70996,12220.58984,129790000
1244,12221.19043,12272.91992,12197.87988,12197.87988,123070000
1245,12194.48047,12285.41016,12173.50977,12279.00977,129030000
1246,12280.07031,12383.45996,12280.07031,12350.61035,140340000
1247,12350.75977,12381.67969,12319.00977,12319.73047,186140000
1248,12321.01953,12419.70996,12321.01953,12376.71973,147600000
1249,12374.59961,12407.41016,12369.15039,12400.03027,114660000
1250,12402.08008,12438.13965,12353.33984,12393.90039,142340000
1251,12386.66016,12450.92969,12386.66016,12426.75,182350000
1252,12426.4502,12440.55957,12328.36035,12409.49023,158590000
1253,12409.87012,12450.36035,12320.71973,12380.04981,122820000
1254,12380.42969,12444,12352.87988,12381.11035,109950000
1255,12381.19043,12381.19043,12233,12263.58008,137260000
1256,12263.65039,12335.09961,12224.4502,12270.99023,118950000
1257,12270.24023,12305.58008,12163.86035,12285.15039,140670000
1258,12285.4502,12369.26953,12272.58008,12341.83008,234710000
1259,12339.70996,12339.79004,12093.88965,12201.58984,190220000
1260,12201.44043,12275.33984,12200.29981,12266.75,149870000
1261,12266.75,12475.53027,12263.58008,12453.54004,203900000
1262,12453.62012,12506.05957,12447.55957,12505.99023,166630000
1263,12505.99023,12506.21973,12446.04981,12479.87988,128660000
1264,12480.86035,12613.16016,12478.13965,12595.37012,183980000
1265,12592.23047,12708.37012,12588.33008,12690.95996,160550000
1266,12689.90039,12776.13965,12674.54004,12763.30957,148760000
1267,12763.45996,12832.83008,12751.12988,12810.54004,378620000
1268,12810.16016,12876,12784.62012,12807.36035,150960000
1269,12806.37988,12840.66016,12749.99023,12807.50977,191510000
1270,12806.29004,12806.67969,12673.01953,12723.58008,193720000
1271,12723.65039,12724.55957,12521.28027,12584.16992,176950000
1272,12580.75977,12759.23047,12579.92969,12638.74023,168320000
1273,12637.83008,12722.07031,12620.2002,12684.67969,133940000
1274,12685.12988,12781.05957,12681.65039,12760.36035,1.56E+08
1275,12745.87012,12748.20996,12577.20996,12630.03027,200680000
1276,12629.95996,12718.58008,12537.16992,12695.91992,216510000
1277,12695.65039,12714.5,12543.19043,12595.75,169940000
1278,12594.76953,12642.90039,12530.80957,12548.37012,192310000
1279,12541.33008,12541.33008,12378.83984,12479.58008,192830000
1280,12471.78027,12571.15039,12443.09961,12560.17969,175120000
1281,12561.45996,12633.58984,12533.45996,12605.32031,158470000
1282,12604.71973,12604.83008,12485.86035,12512.04004,174980000
1283,12511.36035,12511.36035,12331.76953,12381.25977,150720000
1284,12381.57031,12422.54981,12350.04004,12356.20996,145920000
1285,12355.4502,12440.03027,12309.51953,12394.66016,145750000
1286,12391.62988,12441.58008,12317.91992,12402.75977,149070000
1287,12398.05957,12483.80957,12397.69043,12441.58008,126030000
1288,12443.40039,12574.29004,12443.40039,12569.79004,208290000
1289,12569.41016,12569.49023,12282.41992,12290.13965,183020000
1290,12289.61035,12306.70996,12190.54004,12248.54981,156370000
1291,12247.79981,12247.87012,12104.03027,12151.25977,157740000
1292,12151.19043,12151.49023,12070.66016,12089.95996,166600000
1293,12090.17969,12178.88965,12066.61035,12070.80957,162610000
1294,12066.26953,12098.36035,12024.25977,12048.94043,156870000
1295,12049.46973,12183.12012,12049.08984,12124.36035,149700000
1296,12124.16992,12124.84961,11937.41992,11951.91016,178310000
1297,11945.33008,12011.66016,11917.78027,11952.96973,153370000
1298,11951.37988,12120.79981,11951.37988,12076.11035,159620000
1299,12075.12012,12075.2002,11862.53027,11897.26953,182500000
1300,11896.12988,11990.01953,11875.76953,11961.51953,189500000
1301,11962.66016,12072.88965,11962.50977,12004.36035,342010000
1302,12004.28027,12099.87012,11971.29004,12080.37988,127250000
1303,12081.33008,12217.33008,12081.17969,12190.00977,147570000
1304,12189.70996,12207.99023,12105.84961,12109.66992,125330000
1305,12108.34961,12108.73047,11874.94043,12050,206760000
1306,12049.24023,12057.19043,11925.41992,11934.58008,279660000
1307,11934.66016,12098.80957,11934.04981,12043.55957,177920000
1308,12043.55957,12190.42969,12042.28027,12188.69043,135050000
1309,12187.62988,12284.38965,12175.86035,12261.41992,158720000
1310,12262.25,12427.08984,12262.09961,12414.33984,179980000
1311,12414.33984,12596.12988,12404.08008,12582.76953,141870000
1312,12569.87012,12601.79981,12540.58008,12569.87012,1.23E+08
1313,12562.46973,12643.24023,12539.20996,12626.01953,132330000
1314,12627.23047,12753.88965,12627.23047,12719.49023,153740000
1315,12717.90039,12717.90039,12567.41016,12657.2002,131150000
1316,12655.62012,12655.83984,12470.29981,12505.75977,133250000
1317,12505.54004,12570.58008,12446.87988,12446.87988,162640000
1318,12447.33008,12611.04004,12447.33008,12491.61035,139970000
1319,12491.53027,12581.98047,12414.41016,12437.12012,140810000
1320,12437.12012,12504.82031,12406.08984,12479.73047,215420000
1321,12475.11035,12475.25977,12296.23047,12385.16016,148950000
1322,12386.03027,12607.55957,12385.95996,12587.41992,167550000
1323,12583.67969,12603.50977,12546.55957,12571.91016,140340000
1324,12567.07031,12751.42969,12566.61035,12724.41016,188410000
1325,12724.70996,12740.87012,12644.19043,12681.16016,136760000
1326,12679.71973,12679.9502,12536.19043,12592.79981,128760000
1327,12592.12012,12593.40039,12489.04004,12501.29981,145140000
1328,12498.41992,12498.65039,12289.69043,12302.54981,182770000
1329,12301.71973,12384.90039,12226.83008,12240.11035,148710000
1330,12239.36035,12243.07031,12083.4502,12143.24023,230910000
1331,12144.21973,12282.41992,11998.08008,12132.49023,182820000
1332,12129.76953,12130.29981,11865.55957,11866.62012,207060000
1333,11863.74023,11904.91016,11700.33984,11896.44043,198220000
1334,11893.86035,11893.94043,11372.13965,11383.67969,300760000
1335,11383.98047,11555.41016,11139,11444.61035,406310000
1336,11433.92969,11434.08984,10809.84961,10809.84961,479980000
1337,10810.91016,11244.00977,10604.07031,11239.76953,431410000
1338,11228,11228,10686.49023,10719.94043,396300000
1339,10729.84961,11278.90039,10729.84961,11143.30957,393190000
1340,11143.45996,11346.66992,11142.17969,11269.01953,228030000
1341,11269.84961,11484.59961,11269.84961,11482.90039,188120000
1342,11480.48047,11488.00977,11292.62988,11405.92969,187800000
1343,11392.00977,11529.66992,11322.29981,11410.20996,171280000
1344,11406.26953,11406.5,10881.59961,10990.58008,308520000
1345,10989.75,11086.40039,10801.41016,10817.65039,336370000
1346,10820.37012,11020.54981,10820.37012,10854.65039,226720000
1347,10854.58008,11176.83984,10854.42969,11176.75977,244130000
1348,11175.78027,11331.57031,11113.04004,11320.70996,227380000
1349,11321.01953,11406.38965,11106.75977,11149.82031,255050000
1350,11149.82031,11326.42969,10929.2002,11284.54004,244410000
1351,11286.65039,11541.78027,11286.58008,11539.25,177540000
1352,11532.12988,11630.07031,11429.38965,11559.9502,182090000
1353,11560.48047,11712.59961,11528.08008,11613.53027,229740000
1354,11613.29981,11716.83984,11488.45996,11493.57031,178110000
1355,11492.05957,11492.13965,11211.34961,11240.25977,174660000
1356,11237.30957,11237.45996,10932.53027,11139.29981,217420000
1357,11137.62988,11414.86035,11137.62988,11414.86035,166320000
1358,11414.86035,11477.29981,11283.74023,11295.80957,173040000
1359,11294.59961,11294.83008,10935.63965,10992.12988,228170000
1360,10990.00977,11062.03027,10824.75977,11061.12012,197160000
1361,11054.99023,11140.84961,10987.17969,11105.84961,189980000
1362,11106.83008,11386.78027,10993.83984,11246.73047,192600000
1363,11247.71973,11433.40039,11247.49023,11433.17969,172080000
1364,11433.70996,11532.46973,11407.41016,11509.08984,425900000
1365,11506.82031,11506.82031,11255.25,11401.00977,157580000
1366,11401.46973,11550.21973,11373.91992,11408.66016,157060000
1367,11408.58008,11447.86035,11117.28027,11124.83984,221860000
1368,11121.88965,11122.12012,10597.13965,10733.83008,306170000
1369,10732.76953,10808.49023,10638.73047,10771.48047,223140000
1370,10771.78027,11057.49023,10771.78027,11043.86035,225620000
1371,11045.23047,11369.29981,11045.23047,11190.69043,212700000
1372,11189.09961,11317.08008,10996.98047,11010.90039,172410000
1373,11012.79004,11271.13965,10965.4502,11153.98047,191340000
1374,11152.32031,11152.38965,10909.51953,10913.37988,213200000
1375,10912.09961,10979.19043,10653.33984,10655.29981,242870000
1376,10651.44043,10825.44043,10404.49023,10808.70996,267440000
1377,10800.46973,10950.88965,10738.09961,10939.9502,226440000
1378,10939.87012,11132.59961,10858.66992,11123.33008,190030000
1379,11123.41016,11232.04981,11051.12988,11103.12012,188080000
1380,11104.55957,11433.33008,11104.55957,11433.17969,144270000
1381,11432.79981,11447.86035,11365.66992,11416.29981,133360000
1382,11417.36035,11625.29981,11417.28027,11518.84961,188130000
1383,11518.08984,11518.08984,11377.82031,11478.12988,143990000
1384,11478.96973,11646.83008,11478.66016,11644.49023,133570000
1385,11643.34961,11643.34961,11378.34961,11397,140360000
1386,11396.16992,11652.74023,11296.12012,11577.04981,201410000
1387,11577.54004,11633.7002,11469.16992,11504.62012,169580000
1388,11502.12988,11581.25,11391.13965,11541.78027,166100000
1389,11543.21973,11812.45996,11542.83984,11808.79004,2.64E+08
1390,11807.95996,11940.75,11805.76953,11913.62012,161870000
1391,11912.62988,11912.86035,11682.51953,11706.62012,161450000
1392,11707.75977,11891.20996,11694.36035,11869.04004,183730000
1393,11872.07031,12284.30957,11872.07031,12208.54981,251640000
1394,12207.33984,12251.91992,12164.24023,12231.11035,163620000
1395,12229.21973,12229.29004,11954.41016,11955.00977,185790000
1396,11951.53027,11951.75977,11630.03027,11657.95996,218290000
1397,11658.49023,11876.83008,11658.49023,11836.04004,154140000
1398,11835.58984,12065.92969,11835.42969,12044.46973,158170000
1399,12043.41016,12043.49023,11850.30957,11983.24023,126150000
1400,11983.01953,12074.44043,11880.69043,12068.38965,122110000
1401,12055.51953,12187.50977,12002.16992,12170.17969,144950000
1402,12166.40039,12166.40039,11736.92969,11780.94043,180200000
1403,11780.03027,11961.13965,11779.87988,11893.86035,165250000
1404,11896.28027,12179.71973,11896.28027,12153.67969,134520000
1405,12153,12170.55957,12027.03027,12078.98047,119610000
1406,12077.91992,12165.11035,12001.25977,12096.16016,14510000
1407,12084.74023,12109.03027,11890.57031,11905.58984,166220000
1408,11905.66992,11948.42969,11676.34961,11770.73047,169830000
1409,11768.98047,11854.80957,11755.82031,11796.16016,181240000
1410,11795.54981,11795.7002,11454.07031,11547.30957,170960000
1411,11542.38965,11571.75,11433.96973,11493.71973,148570000
1412,11492.74023,11492.82031,11257.54981,11257.54981,152220000
1413,11251.87988,11361.46973,11231.42969,11231.65039,87480000
1414,11232.46973,11562.09961,11232.16016,11523.00977,204950000
1415,11523.00977,11624.00977,11517.04004,11555.62988,156950000
1416,11559.26953,12045.67969,11559.26953,12045.67969,286790000
1417,12046.20996,12062.63965,11974.62012,12020.03027,143700000
1418,12022.37012,12146.67969,12007.12012,12019.41992,150110000
1419,12021.54004,12186.53027,12021.45996,12097.83008,153830000
1420,12097.75,12215.70996,12076.70996,12150.12988,145920000
1421,12144.41016,12257.66992,12060.37012,12196.37012,168440000
1422,12195.91016,12195.91016,11966.21973,11997.7002,165880000
1423,11996.03027,12212.83008,11995.50977,12184.25977,154250000
1424,12181.08008,12181.37988,11940.86035,12021.38965,149050000
1425,12018.66016,12147.7002,11904.37988,11954.94043,171910000
1426,11949.71973,11950.01953,11786.46973,11823.48047,161240000
1427,11825.29004,11967.83984,11825.21973,11868.80957,136930000
1428,11870.25,11968.17969,11819.30957,11866.38965,389520000
1429,11866.54004,11925.87988,11735.19043,11766.25977,135170000
1430,11769.20996,12117.12988,11768.83008,12103.58008,165180000
1431,12103.58008,12119.7002,11999.44043,12107.74023,163250000
1432,12107.58984,12182.70996,12107.37012,12169.65039,151610000
1433,12169.87988,12297.44043,12169.79981,12294,80420000
1434,12293.46973,12328.46973,12269.96973,12291.34961,95980000
1435,12288.84961,12299.11035,12140.16992,12151.41016,84010000
1436,12152.32031,12293.95996,12152.08984,12287.04004,8410000
1437,12286.28027,12290.05957,12213.78027,12217.55957,96670000
1438,12221.19043,12479.65039,12221.19043,12397.37988,152560000
1439,12392.45996,12430,12337.25,12418.41992,145130000
1440,12418.41992,12435.98047,12283.90039,12415.7002,158440000
1441,12407.4502,12415.24023,12332.41016,12359.91992,131120000
1442,12359.30957,12409.08008,12333.84961,12392.69043,122200000
1443,12394.50977,12514.69043,12394.50977,12462.46973,141230000
1444,12459.51953,12462.58008,12399.00977,12449.4502,130260000
1445,12449.91016,12483.7002,12385.08008,12471.01953,128230000
1446,12469.95996,12470.12012,12311.79004,12422.05957,161470000
1447,12423.12012,12573.65039,12423.12012,12482.07031,148670000
1448,12474.69043,12582.28027,12453.2002,12578.9502,154170000
1449,12578.19043,12625.79981,12563.58008,12623.98047,148030000
1450,12623.83008,12720.48047,12620.75977,12720.48047,255110000
1451,12720.25,12764.49023,12665.83008,12708.82031,149860000
1452,12708.37012,12708.51953,12613.54004,12675.75,125420000
1453,12673.62988,12778.25977,12580.12012,12758.84961,135430000
1454,12756.95996,12841.9502,12695.16016,12734.62988,130840000
1455,12733.9502,12733.9502,12630.71973,12660.45996,164410000
1456,12659.16992,12659.32031,12529.41016,12653.71973,130430000
1457,12654.78027,12720.09961,12567.33008,12632.91016,168070000
1458,12632.75977,12784.62012,12632.75977,12716.45996,143500000
1459,12716.54004,12741.88965,12676.04981,12705.41016,114360000
1460,12705.04004,12869.9502,12704.95996,12862.23047,142840000
1461,12860.71973,12860.79004,12793.42969,12845.12988,108040000
1462,12844.37012,12903.70996,12782.57031,12878.2002,116150000
1463,12865.79004,12893.63965,12817.69043,12883.9502,138250000
1464,12884.41016,12924.70996,12846.41016,12890.45996,157080000
1465,12889.54981,12889.62988,12743.55957,12801.23047,123620000
1466,12799.11035,12887.92969,12799.11035,12874.04004,112240000
1467,12871.76953,12878.87988,12786.92969,12878.28027,120050000
1468,12864.65039,12899.46973,12753.62012,12780.9502,127560000
1469,12779.80957,12914,12779.58008,12904.08008,134450000
1470,12903.33008,12967.91992,12903.25,12949.87012,234650000
1471,12949.33984,13005.04004,12926.11035,12965.69043,164780000
1472,12966.21973,12977.91016,12914.83008,12938.66992,124200000
1473,12937.08008,12996.08008,12882.66992,12984.69043,120480000
1474,12981.2002,13013.82031,12950.58984,12982.9502,89440000
1475,12981.12988,13027.51953,12882.58984,12981.50977,143530000
1476,12976.74023,13021.50977,12952.82031,13005.12012,114490000
1477,13005.41992,13055.75,12929.66016,12952.07031,182460000
1478,12952.29004,13032.66992,12943.05957,12980.29981,139670000
1479,12980.75,12997.50977,12927.76953,12977.57031,93900000
1480,12977.33984,12977.33984,12883.91016,12962.80957,108630000
1481,12958.65039,12958.73047,12734.86035,12759.15039,142330000
1482,12756.12012,12857.73047,12751.50977,12837.33008,175110000
1483,12835.53027,12937.19043,12835.53027,12907.94043,103530000
1484,12908.62012,12968.79004,12906.42969,12922.01953,103240000
1485,12920.58008,12976.36035,12919.98047,12959.70996,1.00E+08
1486,12953.2002,13180.40039,12953.12988,13177.67969,163130000
1487,13177.15039,13221.26953,13166.25,13194.09961,163610000
1488,13192.96973,13253.50977,13170.19043,13252.75977,161650000
1489,13253.50977,13289.08008,13231.4502,13232.62012,392620000
1490,13231.94043,13269.70996,13208.62988,13239.12988,147120000
1491,13238.4502,13238.4502,13123.37988,13170.19043,131660000
1492,13170.79004,13190.01953,13112.92969,13124.62012,124860000
1493,13124.40039,13124.46973,13017.41992,13046.13965,122060000
1494,13045.99023,13099.91016,13002.76953,13080.73047,129930000
1495,13082.62012,13243.86035,13082.38965,13241.62988,122080000
1496,13242.08984,13264.98047,13194.33008,13197.73047,129280000
1497,13195.38965,13212.63965,13069.25977,13126.20996,141540000
1498,13125.99023,13151.57031,13032.66992,13145.82031,136250000
1499,13147.94043,13224.49023,13147.78027,13212.04004,171190000
1500,13211.36035,13297.11035,13153.69043,13264.49023,108790000
1501,13258.95996,13265.36035,13131.20996,13199.54981,123980000
1502,13198.19043,13198.19043,13020.86035,13074.75,1.25E+08
1503,13067.17969,13088.11035,13012.45996,13060.13965,109530000
1504,13057.57031,13057.71973,12903.78027,12929.58984,105580000
1505,12929.44043,12929.58984,12710.55957,12715.92969,159290000
1506,12716.91992,12844.82031,12716.91992,12805.38965,125210000
1507,12806.4502,12986.95996,12806.29981,12986.58008,119780000
1508,12986.2002,12986.34961,12845.28027,12849.58984,140990000
1509,12850.87988,12986.76953,12850.79981,12921.41016,120990000
1510,12921.79004,13131.36035,12921.79004,13115.54004,115320000
1511,13114.55957,13114.55957,13027.49023,13032.75,113520000
1512,13028.73047,13080.2002,12896.82031,12964.09961,139810000
1513,12964.48047,13082.54004,12964.25,13029.25977,212080000
1514,13028.2002,13028.2002,12845.58008,12927.16992,139370000
1515,12927.76953,13050.29981,12926.49023,13001.55957,134110000
1516,12997.69043,13105.7002,12993.59961,13090.71973,135260000
1517,13090.11035,13227.82031,13075.95996,13204.62012,107570000
1518,13204.7002,13266.67969,13192.20996,13228.30957,110850000
1519,13228.30957,13228.75977,13176.00977,13213.62988,127870000
1520,13214.16016,13338.66016,13174.65039,13279.32031,123400000
1521,13278.11035,13278.11035,13192.20996,13268.57031,100770000
1522,13267.58984,13284.08984,13175.63965,13206.58984,102090000
1523,13204.62012,13205,13022.33984,13038.26953,113790000
1524,13035.84961,13049.08984,12970,13008.53027,110080000
1525,13000.73047,13000.73047,12810.38965,12932.08984,138620000
1526,12921.80957,12921.80957,12748.48047,12835.05957,147460000
1527,12831.58008,12931.70996,12820.29981,12855.04004,151650000
1528,12851.79004,12918.00977,12779.28027,12820.59961,148370000
1529,12818.49023,12818.86035,12661.48047,12695.34961,143190000
1530,12695.04981,12758.42969,12608.16016,12632,156060000
1531,12617.32031,12722.62988,12597.33984,12598.54981,143130000
1532,12598.32031,12611.41992,12440.51953,12442.49023,147430000
1533,12443.01953,12492.96973,12336.75977,12369.37988,240720000
1534,12369.15039,12508.11035,12367.71973,12504.48047,142110000
1535,12505.37988,12575.95996,12447.33008,12502.80957,133650000
1536,12501.51953,12508.29981,12311.55957,12496.15039,152190000
1537,12491.91016,12539.58984,12419.62988,12529.75,126810000
1538,12530.74023,12533.12012,12421.53027,12454.83008,9.30E+07
1539,12454.83008,12611.61035,12454.59961,12580.69043,107510000
1540,12579.01953,12579.09961,12396.40039,12419.86035,122830000
1541,12414.41016,12489.87012,12316.48047,12393.4502,205140000
1542,12391.55957,12391.62988,12107.48047,12118.57031,162940000
1543,12119.84961,12143.69043,12035.08984,12101.45996,126440000
1544,12101.08008,12147.54981,12072.16992,12127.9502,108970000
1545,12125,12414.79004,12125,12414.79004,140110000
1546,12416.53027,12555.25977,12416.53027,12460.95996,131150000
1547,12460.80957,12554.2002,12398.44043,12554.2002,111810000
1548,12553.80957,12650.46973,12398.48047,12411.23047,121060000
1549,12412.07031,12577.01953,12411.91016,12573.79981,111360000
1550,12566.37988,12598.25,12453.69043,12496.37988,125780000
1551,12497.88965,12698.67969,12497.66016,12651.91016,128640000
1552,12652.20996,12774.7002,12651.37988,12767.16992,284290000
1553,12767.01953,12781.92969,12696.17969,12741.82031,111280000
1554,12744.62012,12898.94043,12744.46973,12837.33008,125180000
1555,12837.09961,12877.17969,12744.91992,12824.38965,119110000
1556,12823.09961,12857.38965,12561.45996,12573.57031,146750000
1557,12574.82031,12674.08008,12574.66992,12640.78027,209990000
1558,12639.79981,12639.87012,12458.00977,12502.66016,134090000
1559,12503.57031,12576.41016,12452.03027,12534.66992,109270000
1560,12532.92969,12646.87012,12532.70996,12627.00977,97950000
1561,12626.25,12626.25,12450.16992,12602.25977,125870000
1562,12604.59961,12880.38965,12604.53027,12880.08984,191630000
1563,12879.70996,12902.12012,12795.48047,12871.38965,109640000
1564,12868.05957,12946.2002,12845.28027,12943.66016,63850000
1565,12941.84961,12961.29981,12852.24023,12896.66992,97800000
1566,12889.40039,12889.40039,12702.99023,12772.46973,96760000
1567,12772.01953,12772.01953,12686.57031,12736.29004,100150000
1568,12733.87012,12830.29004,12606.91016,12653.12012,114760000
1569,12653.04004,12661.96973,12534.33008,12604.53027,128420000
1570,12602.70996,12630.63965,12492.25,12573.26953,142760000
1571,12573.73047,12784.73047,12573.04004,12777.08984,121080000
1572,12776.33008,12779.58008,12690.04981,12727.20996,93500000
1573,12728.73047,12829.23047,12645.09961,12805.54004,119620000
1574,12796.98047,12921.94043,12754.61035,12908.7002,130070000
1575,12909.61035,12977.57031,12889.92969,12943.36035,139480000
1576,12942.67969,12942.83008,12810.34961,12822.57031,210770000
1577,12820.4502,12820.4502,12583.41016,12721.45996,137760000
1578,12720.92969,12730.08984,12521.83984,12617.32031,131530000
1579,12617.76953,12732.76953,12617.62012,12676.04981,127320000
1580,12680.58984,12931.21973,12680.58984,12887.92969,133620000
1581,12888.91016,13117.74023,12888.53027,13075.66016,161510000
1582,13075.34961,13128.63965,13042.84961,13073.00977,91730000
1583,13071.71973,13082.66016,13006.48047,13008.67969,125980000
1584,13007.46973,13074.83008,12951.16016,12976.12988,132780000
1585,12969.7002,12969.84961,12778.90039,12878.87988,112770000
1586,12884.82031,13133.17969,12884.82031,13096.16992,112390000
1587,13099.87988,13187.28027,13099.71973,13117.50977,84270000
1588,13118.65039,13215.96973,13118.41992,13168.59961,95240000
1589,13158.09961,13202.65039,13115.24023,13175.63965,84910000
1590,13174.73047,13200.23047,13125.08984,13165.19043,84350000
1591,13163.15039,13208.21973,13094.95996,13207.9502,86640000
1592,13204.92969,13205.00977,13112.94043,13169.42969,67550000
1593,13168.11035,13223.00977,13142.09961,13172.13965,84430000
1594,13157.46973,13192.88965,13138.23047,13164.78027,77130000
1595,13163.24023,13269.34961,13145.84961,13250.11035,114580000
1596,13251.2002,13281.32031,13244.84961,13275.2002,138550000
1597,13274.58008,13276.15039,13230.05957,13271.63965,87590000
1598,13272.09961,13330.75977,13186.59961,13203.58008,117060000
1599,13198.30957,13205.05957,13120.33984,13172.75977,111220000
1600,13171.37012,13171.37012,13046.45996,13057.45996,108800000
1601,13052.82031,13175.50977,13027.2002,13157.96973,88030000
1602,13157.74023,13176.16992,13115.45996,13124.66992,96070000
1603,13122.74023,13147.32031,13081.12012,13102.99023,81630000
1604,13103.45996,13144.80957,13081.26953,13107.48047,91530000
1605,13101.29004,13101.37012,12978.91016,13000.70996,89980000
1606,13002.71973,13151.87012,13002.63965,13090.83984,119780000
1607,13092.15039,13092.38965,12977.08984,13035.94043,103920000
1608,13036.08984,13095.91016,13018.74023,13047.48047,92550000
1609,13045.23047,13294.12988,13045.08008,13292,128650000
1610,13289.53027,13320.26953,13266.21973,13306.63965,142210000
1611,13308.55957,13324.09961,13251.38965,13254.29004,123810000
1612,13254.59961,13354.33984,13253.20996,13323.36035,104920000
1613,13321.62012,13373.62012,13317.51953,13333.34961,111520000
1614,13329.70996,13573.33008,13325.11035,13539.86035,151770000
1615,13540.40039,13653.24023,13533.94043,13593.37012,185160000
1616,13588.57031,13593.15039,13526.66992,13553.09961,128020000
1617,13552.33008,13582.12012,13517.80957,13564.63965,120720000
1618,13565.41016,13626.48047,13556.74023,13577.95996,116210000
1619,13575.16992,13599.01953,13503,13596.92969,117910000
1620,13597.24023,13647.09961,13571.53027,13579.46973,429610000
1621,13577.84961,13601.90039,13521.67969,13558.91992,120370000
1622,13559.91992,13620.20996,13457.25,13457.54981,138630000
1623,13458.62988,13480.37012,13406.91016,13413.50977,124350000
1624,13413.46973,13522.83008,13413.46973,13485.96973,113990000
1625,13485.88965,13487.66016,13367.26953,13437.12988,146950000
1626,13437.66016,13598.25,13437.66016,13515.11035,106120000
1627,13515.29981,13567.05957,13424.91992,13482.36035,90730000
1628,13479.20996,13536.26953,13439.12012,13494.61035,103890000
1629,13495.17969,13594.33008,13495.17969,13575.36035,106390000
1630,13569.17969,13661.87012,13568.75,13610.15039,115500000
1631,13589.25977,13610.37988,13552.08984,13583.65039,71300000
1632,13582.87988,13592.33008,13473.30957,13473.53027,103630000
1633,13473.53027,13478.83008,13327.62012,13344.96973,101120000
1634,13346.28027,13428.49023,13326.12012,13326.38965,86630000
1635,13325.62012,13401.32031,13296.42969,13328.84961,113740000
1636,13329.54004,13437.66016,13325.92969,13424.23047,114880000
1637,13423.83984,13556.37012,13423.75977,13551.78027,113450000
1638,13539.62988,13561.65039,13468.90039,13557,135570000
1639,13553.24023,13588.73047,13510.92969,13548.94043,128410000
1640,13545.33008,13545.49023,13312.21973,13343.50977,239080000
1641,13344.28027,13368.54981,13235.15039,13345.88965,121880000
1642,13344.90039,13344.90039,13083.28027,13102.53027,122220000
1643,13103.53027,13155.20996,13063.62988,13077.33984,110670000
1644,13079.63965,13214.11035,13017.37012,13103.67969,114590000
1645,13104.21973,13151.71973,13040.16992,13107.20996,134640000
1646,13107.44043,13189.08008,13052.07031,13096.45996,138160000
1647,13099.19043,13273.70996,13099.11035,13232.62012,140510000
1648,13232.62012,13289.4502,13076.57031,13093.16016,137660000
1649,13092.28027,13140.58008,13038.70996,13112.44043,95350000
1650,13112.90039,13290.75,13112.90039,13245.67969,105710000
1651,13228.24023,13228.32031,12876.59961,12932.73047,164250000
1652,12932.80957,12980.23047,12811.24023,12811.32031,138350000
1653,12811.16992,12890.19043,12743.38965,12815.38965,131670000
1654,12815.92969,12861.28027,12783,12815.08008,62360000
1655,12808.70996,12898.25,12748.50977,12756.17969,142200000
1656,12746.54004,12797.73047,12542.67969,12570.9502,162180000
1657,12571.09961,12600.58984,12496.55957,12542.37988,129150000
1658,12542.30957,12604.16992,12471.49023,12588.30957,197110000
1659,12590.23047,12796.19043,12590.23047,12795.95996,136910000
1660,12790.88965,12808.55957,12701.07031,12788.50977,134160000
1661,12788.36035,12845.99023,12786.12988,12836.88965,97300000
1662,12833.12988,13011.4502,12832.98047,13009.53027,61110000
1663,13008.4502,13008.4502,12900.16992,12967.37012,114360000
1664,12963.37988,12980.19043,12868.25977,12878.12988,117900000
1665,12875.55957,12989.09961,12765.32031,12985.11035,1.31E+08
1666,12977.34961,13062.55957,12961.91992,13021.82031,113620000
1667,13022.04981,13053.74023,12988.67969,13025.58008,171070000
1668,13027.73047,13087.32031,12959.41992,12965.59961,112900000
1669,12966.4502,13022.50977,12940.07031,12951.78027,125290000
1670,12948.95996,13089.11035,12923.44043,13034.49023,161230000
1671,13026.19043,13076.87988,13007.83984,13074.04004,116850000
1672,13072.87012,13157.28027,13072.87012,13155.12988,124130000
1673,13154.88965,13195.34961,13139.08008,13169.87988,118530000
1674,13170.33984,13306.57031,13170.33984,13248.44043,124510000
1675,13250.04981,13329.44043,13227.44043,13245.4502,127510000
1676,13241.37988,13264.41016,13147.19043,13170.71973,101190000
1677,13170.79981,13190.41016,13118.45996,13135.00977,117620000
1678,13135.16992,13244.33008,13134.62988,13235.38965,142980000
1679,13236.61035,13365.86035,13232.58008,13350.95996,152920000
1680,13351.04004,13357.7002,13251.74023,13251.96973,149020000
1681,13246.66992,13314.63965,13216.03027,13311.71973,119800000
1682,13309.9502,13309.9502,13122.53027,13190.83984,413270000
1683,13190.15039,13190.37988,13128.54981,13138.92969,47710000
1684,13138.84961,13174.87988,13076.87012,13114.58984,79410000
1685,13114.96973,13141.74023,12964.08008,13096.30957,100160000
1686,13095.08008,13095.45996,12926.86035,12938.11035,85980000
1687,12938.19043,13109.12988,12883.88965,13104.13965,145740000
1688,13104.29981,13412.70996,13104.29981,13412.54981,161430000
1689,13413.00977,13430.59961,13358.29981,13391.36035,129630000
1690,13391.04981,13447.11035,13376.23047,13435.20996,107590000
1691,13436.12988,13436.12988,13343.32031,13384.29004,113120000
1692,13377.41992,13377.41992,13293.12988,13328.84961,129570000
1693,13329.91992,13416.54981,13329.08008,13390.50977,123070000
1694,13391.82031,13478.2002,13382.29004,13471.21973,133520000
1695,13471.4502,13496.67969,13439.96973,13488.42969,119200000
1696,13488.42969,13520.17969,13459.83984,13507.32031,118460000
1697,13507.32031,13546.37012,13445.79981,13534.88965,102280000
1698,13534.88965,13534.88965,13468.95996,13511.23047,118540000
1699,13511.23047,13633.88965,13510.24023,13596.01953,183900000
1700,13596.01953,13649.92969,13571.86035,13649.7002,260900000
1701,13649.7002,13712.20996,13622.95996,13712.20996,144300000
1702,13712.20996,13794.29004,13710.12988,13779.33008,104490000
1703,13779.33008,13879.66016,13779.33008,13825.33008,124780000
1704,13825.33008,13895.98047,13825.33008,13895.98047,130300000
1705,13895.98047,13915.71973,13862.57031,13881.92969,113570000
1706,13881.92969,13969.99023,13880.00977,13954.41992,108230000
1707,13954.41992,13966.12988,13896.9502,13910.41992,117200000
1708,13910.41992,13941.05957,13860.58008,13860.58008,142600000
1709,13860.58008,14019.78027,13860.58008,14009.79004,128420000
1710,14009.79004,14009.79004,13866.83008,13880.08008,130420000
1711,13880.08008,14013.59961,13880.08008,13979.29981,134390000
1712,13979.29981,13991.61035,13913.17969,13986.51953,127560000
1713,13986.51953,13988.05957,13852.2002,13944.04981,118530000
1714,13944.04981,14022.62012,13944.04981,13992.96973,99860000
1715,13992.96973,13992.96973,13940.41016,13971.24023,75090000
1716,13971.24023,14038.96973,13968.94043,14018.7002,117180000
1717,14018.7002,14029.34961,13945.78027,13982.91016,130520000
1718,13982.91016,13990.36035,13921.94043,13973.38965,114800000
1719,13973.38965,14001.92969,13906.73047,13981.75977,195670000
1720,13981.75977,14044.82031,13977.90039,14035.66992,136410000
1721,14035.66992,14058.26953,13919.28027,13927.54004,138540000
1722,13927.54004,13927.54004,13834.40039,13880.62012,131410000
1723,13880.62012,14001.19043,13880.62012,14000.57031,139850000
1724,14000.57031,14081.58008,13784.00977,13784.16992,152190000
1725,13784.16992,13918.44043,13784.16992,13900.12988,132580000
1726,13900.12988,14104.86035,13880.19043,14075.37012,107010000
1727,14075.37012,14149.15039,14050.17969,14054.49023,177150000
1728,14054.49023,14107.08984,13937.59961,14089.66016,125920000
1729,14089.66016,14128.20996,14030.37012,14127.82031,110810000
1730,14127.82031,14286.37012,14127.82031,14253.76953,112100000
1731,14253.76953,14320.65039,14253,14296.24023,116510000
1732,14296.24023,14354.69043,14296.24023,14329.49023,117080000
1733,14329.49023,14413.16992,14329.49023,14397.07031,115630000
1734,14397.07031,14448.05957,14373.32031,14447.29004,94880000
1735,14447.29004,14478.79981,14412.05957,14450.05957,102100000
1736,14450.05957,14472.79981,14411.66016,14455.28027,83920000
1737,14455.28027,14539.29004,14455.28027,14539.13965,117390000
1738,14539.13965,14539.13965,14470.5,14514.11035,407770000
1739,14514.11035,14521.58984,14404.20996,14452.05957,119640000
1740,14452.05957,14514.33984,14382.08984,14455.82031,122170000
1741,14455.82031,14546.82031,14455.82031,14511.73047,121240000
1742,14511.73047,14511.73047,14383.01953,14421.49023,110450000
1743,14421.49023,14519.9502,14421.49023,14512.03027,101450000
1744,14512.03027,14563.75,14395,14447.75,124840000
1745,14447.75,14561.54004,14447.75,14559.65039,96030000
1746,14559.65039,14559.65039,14439.54981,14526.16016,92680000
1747,14526.16016,14585.09961,14520.86035,14578.54004,153710000
1748,14578.54004,14605.71973,14531.48047,14572.84961,91400000
1749,14572.84961,14684.49023,14572.84961,14662.00977,98420000
1750,14662.00977,14683.12988,14525.36035,14550.34961,127140000
1751,14550.34961,14625.24023,14538.71973,14606.11035,104790000
1752,14606.11035,14606.11035,14434.42969,14565.25,131250000
1753,14565.25,14613.48047,14497.79981,14613.48047,106680000
1754,14613.48047,14716.45996,14598.5,14673.45996,128580000
1755,14673.45996,14826.66016,14673.45996,14802.24023,120520000
1756,14802.24023,14887.50977,14785.36035,14865.13965,144570000
1757,14865.13965,14865.20996,14790.57031,14865.05957,119570000
1758,14865.05957,14865.05957,14598.58008,14599.2002,161680000
1759,14599.2002,14761.73047,14599.2002,14756.78027,126320000
1760,14756.78027,14756.78027,14560.80957,14618.58984,168010000
1761,14618.58984,14650.25977,14495.29004,14537.13965,158050000
1762,14537.13965,14553.73047,14444.03027,14547.50977,207200000
1763,14547.50977,14588.83008,14457.59961,14567.16992,146890000
1764,14567.16992,14721.41992,14554.29004,14719.45996,137320000
1765,14719.45996,14747.41992,14666.54004,14676.29981,138020000
1766,14676.29981,14768.04981,14665.4502,14700.79981,129600000
1767,14700.79981,14743.49023,14684.82031,14712.54981,128910000
1768,14712.54981,14844.95996,14712.54981,14818.75,97060000
1769,14818.75,14839.79981,14734.46973,14839.79981,148250000
1770,14839.79981,14839.79981,14687.04981,14700.9502,112620000
1771,14700.9502,14834.62988,14700.9502,14831.58008,91180000
1772,14831.58008,15009.58984,14831.58008,14973.95996,119890000
1773,14973.95996,14988.87012,14941.08984,14968.88965,116160000
1774,14968.88965,15056.66992,14968.88965,15056.2002,117230000
1775,15056.2002,15106.80957,15021.87012,15105.12012,113510000
1776,15105.12012,15144.83008,15046.87012,15082.62012,97810000
1777,15082.62012,15118.49023,15038.17969,15118.49023,98980000
1778,15113.41992,15113.41992,15053.45996,15091.67969,94280000
1779,15091.67969,15219.54981,15089.29981,15215.25,124590000
1780,15211.87012,15301.33984,15175.38965,15275.69043,124030000
1781,15273.91992,15302.49023,15215.82031,15233.21973,145090000
1782,15234.75,15357.40039,15234.75,15354.40039,175750000
1783,15348.33008,15391.83984,15314.15039,15335.28027,116420000
1784,15334.96973,15434.5,15325.67969,15387.58008,122970000
1785,15387.12012,15542.40039,15265.95996,15307.16992,171850000
1786,15300.57031,15348.41016,15180.23047,15294.5,148810000
1787,15290.74023,15306.70996,15199.62988,15303.09961,105660000
1788,15307.33008,15521.49023,15307.33008,15409.38965,130680000
1789,15399.94043,15400.25,15229.53027,15302.79981,114020000
1790,15306.01953,15398.7002,15280.99023,15324.53027,121150000
1791,15322.21973,15392.37988,15115.57031,15115.57031,208830000
1792,15123.54981,15254.11035,15123.54981,15254.03027,147980000
1793,15255.21973,15304.98047,15100.78027,15177.54004,134280000
1794,15168.09961,15168.62988,14945.57031,14960.58984,141400000
1795,14955.4502,15040.62012,14844.21973,15040.62012,140410000
1796,15044.45996,15255.58008,15044.45996,15248.12012,137380000
1797,15247.80957,15300.63965,15211.25,15238.58984,94250000
1798,15231.37988,15251.07031,15086.08984,15122.01953,101610000
1799,15130.38965,15241.28027,14981.20996,14995.23047,105770000
1800,14992.54004,15202.26953,14953.4502,15176.08008,104490000
1801,15178.08008,15205.91992,15044.79981,15070.17969,107430000
1802,15078.70996,15261.70996,15078.70996,15179.84961,139250000
1803,15186.29981,15340.08984,15186.29981,15318.23047,99210000
1804,15315.46973,15322.07031,15112.11035,15112.19043,111380000
1805,15105.50977,15105.50977,14732.03027,14758.32031,172630000
1806,14760.62012,14858.55957,14688.42969,14799.40039,420080000
1807,14795.79004,14795.79004,14551.26953,14659.55957,158670000
1808,14669.69043,14812.03027,14669.69043,14760.30957,135940000
1809,14769.99023,14938.98047,14769.67969,14910.13965,133230000
1810,14921.28027,15075.00977,14921.28027,15024.49023,113650000
1811,15016.58008,15034.62988,14884.79981,14909.59961,2.30E+08
1812,14911.59961,15083.28027,14911.59961,14974.95996,120570000
1813,14974.95996,15049.21973,14870.50977,14932.41016,116610000
1814,14923.73047,15025.90039,14858.92969,14988.37012,6.10E+07
1815,14995.45996,15137.50977,14971.2002,15135.83984,94560000
1816,15137.21973,15262.71973,15137.21973,15224.69043,136820000
1817,15228.45996,15320.41992,15228.45996,15300.33984,109270000
1818,15298.03027,15348.9502,15258.88965,15291.66016,105050000
1819,15298,15483.54981,15298,15460.91992,124950000
1820,15460.69043,15498.38965,15410.26953,15464.29981,130140000
1821,15459.69043,15509.48047,15455.76953,15484.25977,99430000
1822,15485.03027,15498.16016,15415.70996,15451.84961,105970000
1823,15456.91992,15502,15438.12012,15470.51953,126240000
1824,15465.91016,15589.40039,15465.91016,15548.54004,136270000
1825,15524.26953,15544.54981,15491.95996,15543.74023,229260000
1826,15543.96973,15576.20996,15516.2002,15545.54981,180920000
1827,15547,15604.21973,15544.05957,15567.74023,98700000
1828,15576.69043,15602.59961,15496.83984,15542.24023,99320000
1829,15539.16992,15560.33008,15455.58984,15555.61035,103260000
1830,15547.84961,15560.96973,15405.16016,15558.83008,94880000
1831,15557.13965,15557.13965,15482.26953,15521.96973,87240000
1832,15534.49023,15593.91016,15479.12988,15520.58984,117550000
1833,15528.57031,15634.32031,15492.95996,15499.54004,145120000
1834,15503.84961,15650.69043,15503.84961,15628.01953,111040000
1835,15627.55957,15658.42969,15558.67969,15658.36035,104840000
1836,15651.98047,15655.20996,15584.83008,15612.12988,76850000
1837,15608.44043,15608.44043,15473.40039,15518.74023,87730000
1838,15516.20996,15516.20996,15421.75,15470.66992,88430000
1839,15477.26953,15557.12012,15418.59961,15498.32031,90990000
1840,15496.62988,15507.75977,15346.65039,15425.50977,81180000
1841,15415.21973,15441.75,15359.92969,15419.67969,78060000
1842,15420.67969,15504.13965,15342.33984,15451.00977,84790000
1843,15447.70996,15453.08008,15316.62012,15337.66016,91030000
1844,15332.70996,15332.70996,15094.03027,15112.19043,128340000
1845,15112.57031,15139.76953,15054.37988,15081.46973,151620000
1846,15076.79004,15106.38965,15005.41992,15010.74023,111660000
1847,15011.82031,15074.91992,14992.16016,15002.99023,102340000
1848,14993.80957,15019.7002,14880.83984,14897.54981,98340000
1849,14908.59961,14989.12012,14899,14963.74023,153490000
1850,14988.78027,15025.55957,14931.24023,15010.50977,131860000
1851,15014.58008,15049.98047,14945.24023,14946.45996,102820000
1852,14939.25,14939.25,14765.41992,14776.12988,118610000
1853,14770.99023,14867.40039,14760.41016,14824.50977,104620000
1854,14817.91016,14916.00977,14792.11035,14840.9502,93170000
1855,14844.09961,14848.24023,14762.34961,14810.30957,135850000
1856,14801.54981,14933.34961,14777.48047,14833.95996,142530000
1857,14832.41992,14956.74023,14799.08984,14930.87012,122150000
1858,14929.49023,14987.46973,14923.26953,14937.48047,101010000
1859,14941.54981,15009.83984,14789.40039,14922.5,108410000
1860,14927.19043,15088.41016,14927.19043,15063.12012,90660000
1861,15067.23047,15192.12988,15067.23047,15191.05957,103200000
1862,15194.12988,15326.59961,15194.12988,15326.59961,102090000
1863,15327.13965,15345.32031,15283.25977,15300.63965,99760000
1864,15312.86035,15380.96973,15312.86035,15376.05957,90890000
1865,15381.36035,15549.87012,15381.36035,15494.78027,105740000
1866,15503.15039,15555.07031,15503.15039,15529.73047,104480000
1867,15533.03027,15709.58008,15470.16016,15676.94043,145410000
1868,15677.86035,15695.88965,15625.4502,15636.54981,116280000
1869,15635.08984,15654.76953,15448.08984,15451.08984,379650000
1870,15452.30957,15466.9502,15368.25,15401.37988,94920000
1871,15402.54004,15433.75,15327.13965,15334.58984,85430000
1872,15339.01953,15372.48047,15253.16016,15273.25977,81890000
1873,15274.41992,15387.19043,15274.41992,15328.29981,79050000
1874,15317.4502,15317.4502,15211.80957,15258.24023,95660000
1875,15249.82031,15249.82031,15086.70996,15129.66992,122330000
1876,15132.49023,15208.40039,15110.33984,15191.7002,82460000
1877,15182.65039,15182.65039,15044.70996,15133.13965,86090000
1878,15127.23047,15127.23047,14947.03027,14996.48047,91300000
1879,14994.67969,15083.99023,14972.33008,15072.58008,75100000
1880,15069.29981,15069.29981,14920.83008,14936.24023,79620000
1881,14938.04004,14938.04004,14773.46973,14776.53027,102690000
1882,14778.19043,14852.5,14719.42969,14802.98047,103190000
1883,14806.38965,15126.07031,14806.38965,15126.07031,106540000
1884,15126.51953,15237.29981,15100.12988,15237.11035,85730000
1885,15231.33008,15309.48047,15136.37988,15301.25977,81420000
1886,15300.29981,15301.91016,15161.33008,15168.00977,91440000
1887,15170.7002,15374.15039,15170.7002,15373.83008,92850000
1888,15369.45996,15376.11035,15229.01953,15371.65039,108490000
1889,15371.70996,15412.96973,15321.80957,15399.65039,156660000
1890,15401.32031,15410.17969,15362.66016,15392.2002,93660000
1891,15394.21973,15518.09961,15394.21973,15467.66016,107030000
1892,15465.33984,15465.66016,15366.19043,15413.33008,90630000
1893,15414.87012,15528.62988,15414.12988,15509.20996,89240000
1894,15523.71973,15570.59961,15512.95996,15570.28027,109900000
1895,15569.19043,15599.08984,15533.48047,15568.92969,92760000
1896,15572.20996,15683.08008,15572.20996,15680.34961,86600000
1897,15680.74023,15721,15574.51953,15618.75977,79170000
1898,15619.91992,15651.86035,15544.69043,15545.75,114050000
1899,15558.00977,15649.40039,15543.25,15615.54981,101830000
1900,15621.2002,15658.90039,15588.48047,15639.12012,71200000
1901,15631.21973,15651.88965,15522.17969,15618.21973,91890000
1902,15628.71973,15750.29004,15628.71973,15746.87988,109200000
1903,15751.30957,15797.67969,15586.33008,15593.98047,103860000
1904,15591.54004,15764.29004,15579.34961,15761.78027,101200000
1905,15759.28027,15791.4502,15737.21973,15783.09961,58860000
1906,15773.15039,15793.37988,15708.29004,15750.66992,79260000
1907,15739.5,15822.98047,15672,15821.62988,92450000
1908,15806.21973,15884.99023,15798.74023,15876.21973,123860000
1909,15876.16016,15962.98047,15875.90039,15961.7002,126460000
1910,15962.71973,16030.28027,15942.16992,15976.01953,94860000
1911,15974.05957,16025.84961,15943.78027,15967.03027,84570000
1912,15971.2002,16016.84961,15865.37012,15900.82031,84350000
1913,15908.07031,16016.04004,15908.07031,16009.99023,7.90E+07
1914,16008.70996,16068.78027,15976.26953,16064.76953,8.10E+07
1915,16072.08984,16109.62988,16055.45996,16072.54004,94040000
1916,16070.92969,16120.25,16070.92969,16072.79981,107450000
1917,16073.37012,16107.99023,16057.33984,16097.33008,65730000
1918,16105.16016,16174.50977,16074.13965,16086.41016,69190000
1919,16087.12012,16098,15986.23047,16008.76953,92590000
1920,16004.71973,16004.71973,15859.67969,15914.62012,103910000
1921,15910.50977,15960.36035,15791.29004,15889.76953,111180000
1922,15886.5,15896.19043,15809.37012,15821.50977,128080000
1923,15825.54981,16022.34961,15825.54981,16020.2002,98260000
1924,16019.49023,16058.40039,16015.29004,16025.53027,91810000
1925,16024.12012,16029.05957,15969.53027,15973.12988,79420000
1926,15970.75,15997.21973,15827.7002,15843.53027,107170000
1927,15844.82031,15845.11035,15703.79004,15739.42969,105870000
1928,15745.66016,15792.79981,15717.91992,15755.36035,83180000
1929,15759.59961,15930.30957,15759.59961,15884.57031,101470000
1930,15884.05957,15917.95996,15836.4502,15875.25977,101490000
1931,15876.57031,16173.04004,15808.91992,16167.96973,129620000
1932,16162.50977,16194.71973,16121.54004,16179.08008,94980000
1933,16178.57031,16287.83984,16178.57031,16221.13965,285190000
1934,16225.25,16318.11035,16225.25,16294.61035,78930000
1935,16295.7002,16360.59961,16295.7002,16357.54981,33640000
1936,16370.96973,16483,16370.96973,16479.88086,50160000
1937,16486.36914,16529.00977,16461.23047,16478.41016,47230000
1938,16484.50977,16504.34961,16476.86914,16504.28906,54220000
1939,16512.38086,16588.25,16511.48047,16576.66016,78760000
1940,16572.16992,16573.07031,16416.49023,16441.34961,80960000
1941,16456.89063,16518.74023,16439.30078,16469.99023,72770000
1942,16474.03906,16532.99023,16405.51953,16425.09961,89380000
1943,16429.01953,16562.32031,16429.01953,16530.93945,81270000
1944,16527.66016,16528.88086,16416.68945,16462.74023,103260000
1945,16471.41016,16525.34961,16378.61035,16444.75977,83990000
1946,16453.61914,16487.65039,16379.01953,16437.05078,85190000
1947,16434.0293,16453.13086,16240.59961,16257.94043,111680000
1948,16261.99023,16373.91992,16260.83008,16373.86035,98610000
1949,16378.03027,16505.2793,16376.78027,16481.93945,101130000
1950,16477.69922,16477.69922,16375.55957,16417.00977,87370000
1951,16408.01953,16495.25977,16378.79981,16458.56055,184970000
1952,16459.26953,16520.59961,16316.25,16414.43945,111570000
1953,16420.48047,16453.49023,16332.98047,16373.33984,87470000
1954,16371.99023,16372.95996,16140.58008,16197.34961,100540000
1955,16203.29004,16203.29004,15879.11035,15879.11035,141450000
1956,15879.04981,15942.76953,15783.54981,15837.87988,127540000
1957,15840.83984,15945.88965,15840.83984,15928.55957,89110000
1958,15927.08008,15927.08008,15708.98047,15738.79004,109590000
1959,15743.03027,15907.53027,15733.26953,15848.61035,92100000
1960,15847.19043,15847.19043,15617.54981,15698.84961,137090000
1961,15697.69043,15708.54004,15356.16992,15372.79981,151050000
1962,15372.92969,15481.84961,15356.62012,15445.24023,124110000
1963,15443,15478.20996,15340.69043,15440.23047,105130000
1964,15443.83008,15632.08984,15443,15628.53027,106980000
1965,15630.63965,15798.50977,15625.53027,15794.08008,105780000
1966,15793.62988,15801.79004,15733.69043,15801.79004,84110000
1967,15804.16992,16027.19043,15803.40039,15994.76953,95930000
1968,15993.04004,16036.55957,15928.75,15963.94043,77310000
1969,15946.99023,16039.37012,15863.25,16027.58984,99470000
1970,16018.08008,16175.54981,15985.38965,16154.38965,84060000
1971,16153.96973,16167.33008,16107.04004,16130.40039,91250000
1972,16126.23047,16225.71973,16031.66016,16040.55957,80560000
1973,16044.15039,16161.63965,16006.58984,16133.23047,77720000
1974,16135.91992,16191.91992,16093.79981,16103.29981,126580000
1975,16102.26953,16300.04004,16102.26953,16207.13965,244580000
1976,16207.33984,16254.25977,16147.25,16179.66016,99470000
1977,16180.36035,16252.34961,16155.86035,16198.41016,93980000
1978,16197.7002,16276.28027,16159.80957,16272.65039,97640000
1979,16273.23047,16398.94922,16226.08984,16321.70996,122110000
1980,16321.70996,16321.70996,16071.25,16168.03027,92760000
1981,16169.32031,16419.49023,16169.32031,16395.88086,96120000
1982,16395.88086,16406.55078,16343.95996,16360.17969,73980000
1983,16360.55957,16450.16992,16360.55957,16421.89063,75900000
1984,16424.5293,16505.69922,16398.85938,16452.7207,80690000
1985,16453.09961,16453.09961,16334.2002,16418.67969,68210000
1986,16419.39063,16460.33008,16325.16992,16351.25,78150000
1987,16350.66992,16364.74023,16260.03027,16340.08008,77900000
1988,16341.54981,16405.07031,16084.09961,16108.88965,86160000
1989,16106.32031,16165.04981,16046.99023,16065.66992,85660000
1990,16066.37012,16270.33984,16066.37012,16247.21973,88930000
1991,16245.92969,16369.94043,16245.92969,16336.19043,79140000
1992,16335.70996,16363.32031,16126.29004,16222.16992,90110000
1993,16221.98047,16353.98047,16160.33008,16331.04981,91530000
1994,16332.69043,16456.44922,16290.79004,16302.76953,353670000
1995,16303.28027,16380.50977,16215.55957,16276.69043,110620000
1996,16279.2002,16407.17969,16279.2002,16367.87988,89110000
1997,16370.70996,16466.03906,16268.99023,16268.99023,92770000
1998,16268.66992,16300.94043,16191.79004,16264.23047,93650000
1999,16267.76953,16414.85938,16267.76953,16323.05957,86370000
2000,16324.21973,16480.84961,16324.21973,16457.66016,104510000
2001,16458.05078,16565.73047,16457.59961,16532.60938,88010000
2002,16532.80078,16588.18945,16506.59961,16573,78120000
2003,16572.35938,16604.15039,16527.59961,16572.55078,77220000
2004,16576.01953,16631.63086,16392.76953,16412.71094,104350000
2005,16414.15039,16421.38086,16244.00977,16245.87012,116540000
2006,16245.16016,16296.86035,16180.28027,16256.13965,98510000
2007,16256.37012,16438.82031,16256.37012,16437.17969,91550000
2008,16437.24023,16456.11914,16153.33984,16170.21973,112550000
2009,16168.87012,16168.87012,16015.32031,16026.75,119550000
2010,16028.29004,16184.75977,16028.29004,16173.24023,90020000
2011,16173.49023,16272.9502,16063.2002,16262.55957,97850000
2012,16266.23047,16424.84961,16266.23047,16424.84961,94650000
2013,16424.14063,16460.49023,16368.13965,16408.53906,136190000
2014,16408.91992,16459.7793,16402.08008,16449.25,79500000
2015,16449.38086,16565.71094,16449.38086,16514.36914,84830000
2016,16513.73047,16525.99023,16477.2793,16501.65039,76830000
2017,16503.39063,16541.25977,16452.30078,16501.65039,80340000
2018,16503.25977,16503.25977,16333.78027,16361.45996,90630000
2019,16363.2002,16500.36914,16312.66016,16448.74023,105510000
2020,16451.17969,16559.39063,16451.17969,16535.36914,71240000
2021,16534.85938,16592.2793,16510.86914,16580.83984,92970000
2022,16580.25977,16604.78906,16525.25,16558.86914,75630000
2023,16562.33984,16620.06055,16488.31055,16512.89063,78910000
2024,16509.75,16547.91992,16377.08984,16530.55078,70320000
2025,16529.84961,16529.84961,16399.99023,16401.01953,74340000
2026,16401.66016,16522.93945,16357.34961,16518.53906,93870000
2027,16518.16016,16622.94922,16502.00977,16550.9707,75620000
2028,16551.23047,16588.76953,16498.71094,16583.33984,74980000
2029,16584.82031,16704.83984,16584.82031,16695.4707,71550000
2030,16695.91992,16735.50977,16695.91992,16715.43945,71340000
2031,16716.08008,16717.56055,16595,16613.9707,71970000
2032,16613.51953,16622.90039,16397.46094,16446.81055,106610000
2033,16447.32031,16498.99023,16414.32031,16491.31055,119330000
2034,16490.34961,16526.25977,16442.11914,16511.85938,82180000
2035,16511.2207,16511.2207,16341.29981,16374.30957,75150000
2036,16376.16992,16544.59961,16376.16992,16533.06055,76730000
2037,16532.74023,16565.39063,16489.60938,16543.08008,59250000
2038,16544.49023,16613.07031,16544.49023,16606.26953,61340000
2039,16607.41992,16688.68945,16607.41992,16675.5,80870000
2040,16674.98047,16674.98047,16620.2207,16633.17969,62480000
2041,16637.74023,16698.74023,16620.42969,16698.74023,55500000
2042,16697.33008,16721.2207,16648.84961,16717.16992,105190000
2043,16716.84961,16756.64063,16682.07031,16743.63086,57560000
2044,16736.69922,16736.69922,16690.00977,16722.33984,67830000
2045,16720,16742.91016,16673.65039,16737.5293,65570000
2046,16739.14063,16845.81055,16709.94922,16836.10938,70460000
2047,16839.64063,16924.2793,16839.64063,16924.2793,80530000
2048,16926.08008,16970.16992,16912.91992,16943.09961,67130000
2049,16940.40039,16946.33984,16897.43945,16945.91992,64560000
2050,16943.16016,16943.16016,16821.84961,16843.88086,61860000
2051,16840.48047,16841.57031,16703.73047,16734.18945,72560000
2052,16734.64063,16787.89063,16718.59961,16775.74023,95220000
2053,16765.56055,16802.14063,16722.85938,16781.00977,77900000
2054,16779.21094,16823.55078,16732.91016,16808.49023,63530000
2055,16806.11914,16911.41016,16755.28906,16906.61914,73720000
2056,16909.90039,16923.42969,16858.88086,16921.46094,80220000
2057,16920.61914,16978.01953,16920.61914,16947.08008,247350000
2058,16946.5,16954.26953,16896.08984,16937.25977,63640000
2059,16934.61914,16969.69922,16805.23047,16818.13086,80220000
2060,16817.67969,16883.53906,16799.41016,16867.50977,73920000
2061,16866.81055,16872.51953,16746.08984,16846.13086,63650000
2062,16846.90039,16862.73047,16773.83984,16851.83984,137690000
2063,16852.49023,16871.26953,16801.93945,16826.59961,90360000
2064,16828.5293,16998.69922,16828.5293,16956.07031,74050000
2065,16949.71094,16986.63086,16949.71094,16976.24023,57840000
2066,16979,17074.65039,16979,17068.25977,66800000
2067,17063.83008,17063.83008,16992.44922,17024.21094,61480000
2068,17022.08984,17022.08984,16874.78906,16906.61914,75250000
2069,16916.83008,16998.94922,16913.81055,16985.60938,67120000
2070,16980.34961,16980.34961,16805.38086,16915.07031,67510000
2071,16918.31055,16949.46094,16860.30078,16943.81055,6.10E+07
2072,16950.92969,17088.42969,16950.92969,17055.41992,60570000
2073,17055.0293,17120.33984,17006.39063,17060.67969,101730000
2074,17061.91016,17139.34961,17061.91016,17138.19922,111500000
2075,17133.44922,17151.56055,16966.18945,16976.81055,99240000
2076,16978.16016,17113.50977,16977.51953,17100.17969,112530000
2077,17095.10938,17095.10938,16974.33984,17051.73047,67590000
2078,17054.9707,17133.42969,17040.13086,17113.53906,77960000
2079,17117.00977,17121.05078,17058.05078,17086.63086,73440000
2080,17092.01953,17119.83008,17061.07031,17083.80078,66390000
2081,17079.5,17082.33008,16915.65039,16960.57031,67290000
2082,16956.91016,17001.38086,16877.7207,16982.58984,66190000
2083,16984.33008,17056.46094,16912.10938,16912.10938,75980000
2084,16920.10938,16983.93945,16817.16016,16880.35938,77750000
2085,16869.63086,16869.63086,16563.30078,16563.30078,101670000
2086,16561.69922,16584.75,16437.07031,16493.36914,84860000
2087,16493.7207,16596.2207,16447.19922,16569.2793,76260000
2088,16559.9707,16559.9707,16369.54981,16429.4707,76630000
2089,16425.09961,16490.69922,16372.32031,16443.33984,78600000
2090,16448.28906,16504.34961,16333.78027,16368.26953,80430000
2091,16369.67969,16556.58984,16364.21973,16553.92969,82420000
2092,16557.26953,16627.99023,16557.26953,16569.98047,65558600
2093,16565.55078,16589.31055,16518.06055,16560.53906,62770000
2094,16567.53906,16670.28906,16567.53906,16651.80078,66020000
2095,16657.32031,16714.2207,16651.66992,16713.58008,62370000
2096,16717.00977,16775.26953,16575.41992,16662.91016,109180000
2097,16664.44922,16840.2793,16664.44922,16838.74023,75670000
2098,16839.06055,16929.13086,16839.06055,16919.58984,67220000
2099,16910.0293,16994.89063,16896.55078,16979.13086,61960000
2100,16983.88086,17074.58984,16983.88086,17039.49023,65160000
2101,17038.26953,17064.2793,16984.51953,17001.2207,64330000
2102,17011.81055,17124.74023,17011.81055,17076.86914,57400000
2103,17079.57031,17153.80078,17079.57031,17106.69922,50710000
2104,17111.0293,17134.59961,17090.60938,17122.00977,61690000
2105,17119.06055,17119.06055,17018.33008,17079.57031,51860000
2106,17083.41992,17110.41992,17035.38086,17098.44922,81500000
2107,17097.41992,17113.50977,17009.07031,17067.56055,64820000
2108,17067.24023,17151.89063,17060.21094,17078.2793,62770000
2109,17083.60938,17161.55078,17030.11914,17069.58008,68120000
2110,17065.89063,17137.35938,17009.61914,17137.35938,76630000
2111,17131.71094,17137.88086,17079.16992,17111.41992,65640000
2112,17110.39063,17111.55078,16993.28906,17013.86914,69030000
2113,17016.05078,17080.26953,16974.57031,17068.71094,76780000
2114,17057.41016,17057.41016,16983.88086,17049,63650000
2115,17044.05078,17044.05078,16937.66992,16987.50977,82820000
2116,16988.75977,17051.84961,16951.38086,17031.14063,71740000
2117,17027.16016,17167.05078,16985.55078,17131.9707,73200000
2118,17131.00977,17221.10938,17089.00977,17156.84961,87810000
2119,17163.73047,17275.36914,17163.73047,17265.99023,85300000
2120,17267.21094,17350.64063,17257.46094,17279.74023,349620000
2121,17271.71094,17277.88086,17159.35938,17172.67969,74300000
2122,17165.91016,17171.88086,17055.86914,17055.86914,77090000
2123,17056.64063,17226.59961,17033.92969,17210.06055,80530000
2124,17204.85938,17204.85938,16945.80078,16945.80078,93520000
2125,16948.61914,17148.15039,16948.10938,17113.15039,74670000
2126,17107.68945,17107.68945,16934.42969,17071.2207,70220000
2127,17070.44922,17145.09961,17017.10938,17042.90039,102290000
2128,17040.46094,17041.16016,16776.13086,16804.71094,104240000
2129,16808.26953,16857.25,16674.03906,16801.05078,75490000
2130,16802.19922,17027.83984,16802.19922,17009.68945,87940000
2131,17010.33984,17099.39063,16930.38086,16991.91016,655450000
2132,16988.25,16988.25,16715.78906,16719.39063,79420000
2133,16718.65039,17006.91016,16663.25977,16994.2207,106930000
2134,16989.36914,16989.36914,16649.03906,16659.25,93210000
2135,16654.88086,16757.59961,16543.91016,16544.09961,136370000
2136,16535.42969,16602.41016,16310.46973,16321.07031,107830000
2137,16321.90039,16463.66992,16273.63965,16315.19043,110410000
2138,16313.29981,16313.29981,15855.12012,16141.74023,160380000
2139,16137.13965,16211.12012,15935.21973,16117.24023,131670000
2140,16118.38965,16427.38086,16118.38965,16380.41016,137910000
2141,16373.15039,16401.63086,16260.54004,16399.66992,94320000
2142,16406.0293,16620.7793,16405.76953,16614.81055,105110000
2143,16615.25977,16653.89063,16459.84961,16461.32031,92050000
2144,16468.07031,16767.51953,16468.07031,16677.90039,99420000
2145,16677.03906,16811.71094,16649.7207,16805.41016,90400000
2146,16796.09961,16836.98047,16729.83008,16817.93945,72580000
2147,16825.18945,17006.44922,16825.18945,17005.75,83870000
2148,17005.07031,17065.5,16895.38086,16974.31055,76450000
2149,16968.14063,17223.96094,16920.75977,17195.41992,80180000
2150,17208.7793,17395.53906,17208.7793,17390.51953,121610000
2151,17390.90039,17410.65039,17339.84961,17366.24023,80030000
2152,17368.81055,17397.23047,17278.35938,17383.83984,81390000
2153,17385.75977,17486.58984,17385.75977,17484.5293,76030000
2154,17491.66016,17560.31055,17440.34961,17554.4707,70670000
2155,17558.58008,17575.33008,17493.36914,17573.92969,82860000
2156,17568.98047,17621.86914,17547.50977,17613.74023,71430000
2157,17615.64063,17638.21094,17584.93945,17614.90039,52880000
2158,17604.75,17626.71094,17536.16992,17612.19922,75980000
2159,17618.68945,17705.48047,17583.88086,17652.78906,80540000
2160,17653.10938,17664.15039,17613.19922,17634.74023,72850000
2161,17631.84961,17675.07031,17606.81055,17647.75,70330000
2162,17643.08984,17735.71094,17642.0293,17687.82031,87420000
2163,17685.50977,17712.25977,17624.5,17685.73047,73780000
2164,17677.32031,17720.43945,17603.89063,17719,77740000
2165,17721.01953,17894.83008,17721.01953,17810.06055,140940000
2166,17812.63086,17855.26953,17793.18945,17817.90039,85510000
2167,17819.05078,17854.73047,17790.89063,17814.93945,88190000
2168,17812.25,17833.75977,17791.16016,17827.75,67450000
2169,17830.55078,17893.41992,17807.7793,17828.24023,80470000
2170,17827.26953,17827.26953,17726.55078,17776.80078,86390000
2171,17778.84961,17897.05078,17778.84961,17879.55078,81970000
2172,17880.90039,17924.15039,17855.58984,17912.61914,99400000
2173,17910.01953,17937.96094,17814.81055,17900.09961,76270000
2174,17903.05078,17991.18945,17903.05078,17958.78906,79110000
2175,17954.93945,17960.56055,17804.2793,17852.48047,88681100
2176,17847.36914,17847.36914,17629.57031,17801.19922,100400000
2177,17797.99023,17797.99023,17508.09961,17533.15039,115100000
2178,17534.30078,17758.50977,17534.30078,17596.33984,90100000
2179,17590.05078,17590.05078,17280.83008,17280.83008,121950000
2180,17285.74023,17403.53906,17115.2793,17180.83984,114050000
2181,17173.07031,17427.43945,17067.58984,17068.86914,116640000
2182,17069.16016,17389.30078,17069.16016,17356.86914,118220000
2183,17367.84961,17778.40039,17367.84961,17778.15039,123940000
2184,17778.01953,17874.0293,17746.55078,17804.80078,343690000
2185,17812.25,17962.7793,17812.25,17959.43945,98460000
2186,17971.50977,18069.2207,17970.16016,18024.16992,82890000
2187,18035.73047,18086.24023,18027.7793,18030.21094,42870000
2188,18038.30078,18103.44922,18038.30078,18053.71094,52570000
2189,18046.58008,18073.03906,18021.57031,18038.23047,53870000
2190,18035.01953,18035.01953,17959.69922,17983.07031,47490000
2191,17987.66016,18043.2207,17820.88086,17823.07031,82840000
2192,17823.07031,17951.7793,17731.30078,17832.99023,76270000
2193,17821.30078,17821.30078,17475.92969,17501.65039,116160000
2194,17504.17969,17581.05078,17262.36914,17371.64063,101870000
2195,17374.7793,17597.08008,17374.7793,17584.51953,91030000
2196,17591.9707,17916.03906,17591.9707,17907.86914,114890000
2197,17911.01953,17915.32031,17686.08984,17737.36914,93390000
2198,17742.05078,17793.88086,17571.58008,17640.83984,92500000
2199,17645.01953,17923.00977,17498.23047,17613.67969,99360000
2200,17609.06055,17609.06055,17264.90039,17427.08984,109180000
2201,17436.30078,17517.41016,17298.03906,17320.71094,94520000
2202,17320,17528.36914,17243.55078,17511.57031,140480000
2203,17516.96094,17588.69922,17346.73047,17515.23047,119600000
2204,17509.96094,17599.58008,17396.03906,17554.2793,95530000
2205,17557.28906,17840.89063,17482.53906,17813.98047,111980000
2206,17812.5,17812.5,17667.5293,17672.59961,97110000
2207,17668.10938,17696.35938,17567.59961,17678.69922,87220000
2208,17638.5293,17638.5293,17288.31055,17387.21094,135940000
2209,17402.91016,17484.41016,17189,17191.36914,115980000
2210,17195.28906,17433.13086,17136.30078,17416.84961,111690000
2211,17416.84961,17419.90039,17156.82031,17164.94922,168560000
2212,17169.99023,17367.67969,17037.75977,17361.03906,108090000
2213,17369.9707,17670.75977,17369.9707,17666.40039,112860000
2214,17664.99023,17782.2207,17603.21094,17673.01953,102560000
2215,17677.25977,17889.58008,17677.25977,17884.88086,79890000
2216,17881.53906,17951.08984,17764.40039,17824.28906,93610000
2217,17821.49023,17821.49023,17685.32031,17729.21094,81590000
2218,17736.15039,17890.33984,17729.24023,17868.75977,89930000
2219,17867.85938,17897.21094,17759.65039,17862.14063,89890000
2220,17862.14063,17975.65039,17862.14063,17972.38086,117160000
2221,17968.65039,18037.41016,17961.75977,18019.34961,85230000
2222,18019.80078,18052.00977,17951.41016,18047.58008,98760000
2223,18045.7207,18048.69922,17982.19922,18029.84961,75090000
2224,18028.66992,18028.66992,17924.59961,17985.76953,79130000
2225,17985.76953,18144.28906,17878.36914,18140.43945,111390000
2226,18140.75977,18141.21094,18054.83984,18116.83984,83670000
2227,18112.57031,18231.08984,18098.73047,18209.18945,79310000
2228,18208.66992,18244.38086,18182.75977,18224.57031,80480000
2229,18224.41016,18239.42969,18157.07031,18214.41992,81500000
2230,18213.25977,18213.25977,18132.38086,18132.69922,101110000
2231,18134.05078,18288.63086,18122.58984,18288.63086,89790000
2232,18281.94922,18281.94922,18136.88086,18203.36914,83830000
2233,18203.36914,18203.36914,18029.5,18096.90039,80900000
2234,18096.90039,18160.34961,18087.65039,18135.7207,75840000
2235,18135.7207,18135.7207,17825.15039,17856.7793,113350000
2236,17856.56055,18031.03906,17856.56055,17995.7207,85820000
2237,17989.56055,17989.56055,17662.93945,17662.93945,120450000
2238,17662.93945,17731.7793,17627,17635.39063,102120000
2239,17626.83984,17900.09961,17620.49023,17895.2207,111550000
2240,17889.05078,17889.05078,17629.89063,17749.31055,113620000
2241,17751.24023,17988.5,17751.24023,17977.41992,101760000
2242,17972.2207,17972.2207,17785.78906,17849.08008,82560000
2243,17846.80078,18097.11914,17697.51953,18076.18945,130950000
2244,18072.58008,18072.99023,17934.24023,17959.0293,107820000
2245,17961.13086,18197.28906,17961.13086,18127.65039,333870000
2246,18136.73047,18205.92969,18116.03906,18116.03906,98030000
2247,18110.86914,18149.24023,18010.43945,18011.14063,87190000
2248,18012.60938,18041.9707,17718.53906,17718.53906,106560000
2249,17716.26953,17759.50977,17579.26953,17678.23047,117740000
2250,17673.63086,17729.14063,17630.49023,17712.66016,103220000
2251,17727.48047,18008.64063,17727.48047,17976.31055,104040000
2252,17965.36914,17965.36914,17773.01953,17776.11914,119470000
2253,17778.51953,17778.51953,17585.00977,17698.17969,103360000
2254,17699.51953,17815.0293,17673.49023,17763.24023,87370000
2255,17755.5,17941.78906,17646.80078,17880.84961,100850000
2256,17884.32031,17983.11914,17871.21094,17875.41992,72150000
2257,17877.61914,17976.19922,17822.23047,17902.50977,76820000
2258,17902.50977,17984.2207,17823.09961,17958.73047,86740000
2259,17956.73047,18066.75977,17945.55078,18057.65039,116410000
2260,18052.32031,18107.57031,17974.81055,17977.03906,120090000
2261,17979.10938,18075.59961,17905.48047,18036.69922,82830000
2262,18045.71094,18160.51953,18045.71094,18112.60938,113610000
2263,18106.26953,18169.25977,18063.85938,18105.76953,89520000
2264,18102.56055,18102.56055,17748.5293,17826.30078,138860000
2265,17841.17969,18092.2207,17841.17969,18034.92969,103160000
2266,18034.23047,18109.69922,17929.63086,17949.58984,95180000
2267,17950.82031,18056.01953,17887.75977,18038.26953,91260000
2268,18031.90039,18133.0293,17966.76953,18058.68945,100240000
2269,18056.41992,18108.86914,18009.08008,18080.14063,119130000
2270,18097.89063,18175.56055,18024.66016,18037.9707,121110000
2271,18035.90039,18119.65039,17917.35938,18110.14063,124930000
2272,18093.68945,18096.46094,17953.68945,18035.5293,102080000
2273,18033.33008,18033.33008,17774.89063,17840.51953,129180000
2274,17859.26953,18028.89063,17859.26953,18024.06055,91700000
2275,18026.01953,18133.75977,18026.01953,18070.40039,86010000
2276,18062.5293,18086.00977,17905.71094,17928.19922,95340000
2277,17934.81055,18019.75,17733.11914,17841.98047,100430000
2278,17840.25,17973.07031,17796.93945,17924.06055,80920000
2279,17933.64063,18205.23047,17933.64063,18191.10938,94960000
2280,18187.7793,18199.94922,18089.10938,18105.16992,86050000
2281,18096.16016,18119.17969,17924.80078,18068.23047,89270000
2282,18070.36914,18132.78906,18039.19922,18060.49023,85180000
2283,18062.49023,18255.21094,18062.49023,18252.24023,91580000
2284,18251.9707,18272.7207,18215.07031,18272.56055,108220000
2285,18267.25,18325.53906,18244.25977,18298.88086,79080000
2286,18300.48047,18351.35938,18261.34961,18312.39063,87200000
2287,18315.06055,18350.13086,18272.56055,18285.40039,80190000
2288,18285.86914,18314.89063,18249.90039,18285.74023,84270000
2289,18286.86914,18286.86914,18217.14063,18232.01953,78890000
2290,18229.75,18229.75,17990.01953,18041.53906,109440000
2291,18045.08008,18190.34961,18045.08008,18162.99023,96400000
2292,18154.14063,18154.14063,18066.40039,18126.11914,67510000
2293,18128.11914,18128.11914,17967.74023,18010.67969,139810000
2294,18017.82031,18105.83008,17982.06055,18040.36914,85640000
2295,18033.33008,18091.86914,17925.33008,18011.93945,77550000
2296,18018.41992,18168.08984,18010.41992,18076.26953,73120000
2297,18072.4707,18087.15039,17876.94922,17905.58008,93470000
2298,17905.38086,17940.7793,17822.90039,17849.46094,89140000
2299,17849.46094,17852.34961,17760.60938,17766.55078,86300000
2300,17766.94922,17817.83008,17714.9707,17764.03906,90550000
2301,17765.38086,18045.14063,17765.38086,18000.40039,96980000
2302,18001.26953,18109.76953,18001.26953,18039.36914,89490000
2303,18035.83008,18035.83008,17857.07031,17898.83984,83760000
2304,17890.75977,17890.75977,17698.41992,17791.16992,91920000
2305,17787.42969,17919.61914,17774.11914,17904.48047,77510000
2306,17909.58008,17998,17839.65039,17935.74023,92410000
2307,17944.60938,18174.73047,17944.60938,18115.83984,94460000
2308,18116.24023,18117.71094,18010.58008,18015.94922,258300000
2309,18027.63086,18181.66992,18027.63086,18119.7793,77780000
2310,18121.7793,18188.81055,18108.09961,18144.07031,75970000
2311,18139.09961,18139.09961,17966.07031,17966.07031,104980000
2312,17977.10938,18036.09961,17890.35938,17890.35938,78990000
2313,17892.0293,18013.15039,17892.0293,17946.67969,158120000
2314,17936.74023,17936.74023,17590.55078,17596.34961,116340000
2315,17599.96094,17714.66016,17576.5,17619.50977,126460000
2316,17638.11914,17801.83008,17638.11914,17757.91016,87010000
2317,17763.32031,17825.49023,17687.51953,17730.10938,83080000
2318,17728.08008,17734.35938,17564.35938,17683.58008,90130000
2319,17684.91992,17793.44922,17465.67969,17776.91016,105840000
2320,17759.00977,17759.00977,17496.2207,17515.41992,69830000
2321,17530.38086,17764.84961,17530.38086,17548.61914,100520000
2322,17561.11914,17797.49023,17561.11914,17760.41016,85800000
2323,17787.26953,17987.57031,17787.26953,17977.67969,86380000
2324,17974.60938,18072.82031,17956.16992,18053.58008,76740000
2325,18053.38086,18090.39063,18010.15039,18050.16992,80460000
2326,18078.16016,18131.60938,18065.33008,18120.25,85030000
2327,18117.58008,18121.11914,18032.06055,18086.44922,106510000
2328,18085.91016,18137.11914,18064.5,18100.41016,75060000
2329,18096.66992,18096.66992,17868.33984,17919.28906,100170000
2330,17918.34961,17919.34961,17807.41016,17851.03906,112370000
2331,17853.7793,17860.94922,17705.0293,17731.91992,88600000
2332,17731.05078,17756.53906,17553.73047,17568.5293,103470000
2333,17561.7793,17561.7793,17399.16992,17440.58984,117860000
2334,17449.81055,17650.07031,17449.81055,17630.26953,103450000
2335,17631.40039,17776.7793,17629.19922,17751.39063,93140000
2336,17743.24023,17761.25,17640.84961,17745.98047,76650000
2337,17755.86914,17783.58984,17671.58984,17689.85938,106120000
2338,17696.74023,17704.75977,17496.60938,17598.19922,87880000
2339,17596.92969,17635.7793,17505.5,17550.68945,99060000
2340,17555.24023,17661.36914,17492.90039,17540.4707,102450000
2341,17542.60938,17572.03906,17362.85938,17419.75,96170000
2342,17414.93945,17414.93945,17279.08008,17373.38086,81800000
2343,17375.17969,17629.13086,17375.17969,17615.16992,92430000
2344,17593.58984,17593.58984,17352.63086,17402.83984,103010000
2345,17382.92969,17423.90039,17125.81055,17402.50977,120400000
2346,17401.64063,17481.7793,17341.33984,17408.25,88550000
2347,17410.11914,17492.90039,17394.06055,17477.40039,82120000
2348,17472.66016,17551.40039,17341.7207,17545.17969,73380000
2349,17537.30078,17568.40039,17486.41992,17511.33984,79900000
2350,17508.74023,17517.18945,17282.41992,17348.73047,104720000
2351,17345.32031,17345.32031,16990.68945,16990.68945,128530000
2352,16990.68945,16990.68945,16459.55078,16459.75,225170000
2353,16459.75,16459.75,15370.33008,15871.34961,293920000
2354,15882.26953,16312.94043,15651.24023,15666.44043,213220000
2355,15676.25977,16303.75,15676.25977,16285.50977,208420000
2356,16285.50977,16666.68945,16285.50977,16654.76953,171980000
2357,16649.41992,16669.9707,16535.17969,16643.00977,131790000
2358,16632.01953,16632.01953,16444.05078,16528.0293,141440000
2359,16528.0293,16528.0293,15979.9502,16058.34961,171390000
2360,16058.34961,16352.58008,16058.34961,16351.37988,133480000
2361,16364.33984,16550.07031,16317.30957,16374.75977,109730000
2362,16371.75977,16371.75977,16026.61035,16102.37988,127270000
2363,16109.92969,16503.41016,16109.92969,16492.67969,123870000
2364,16505.03906,16664.65039,16220.09961,16253.57031,118790000
2365,16252.57031,16441.93945,16212.08008,16330.40039,122690000
2366,16330.40039,16434.75977,16244.65039,16433.08984,104630000
2367,16450.85938,16450.85938,16330.87012,16370.95996,92660000
2368,16382.58008,16644.10938,16382.58008,16599.84961,93050000
2369,16599.50977,16755.98047,16593.90039,16739.94922,99620000
2370,16738.08008,16933.42969,16639.92969,16674.74023,129600000
2371,16674.74023,16674.74023,16343.75977,16384.58008,341690000
2372,16406.09961,16578.59961,16391.88086,16510.18945,90730000
2373,16477.44922,16477.44922,16221.73047,16330.46973,119010000
2374,16332.80957,16355.29004,16211.98047,16279.88965,86030000
2375,16257.11035,16257.11035,16016.36035,16201.32031,122220000
2376,16205.07031,16465.23047,16205.07031,16314.66992,130790000
2377,16313.25977,16313.25977,15981.84961,16001.88965,139930000
2378,16001.75977,16118.88965,15942.37012,16049.12988,121160000
2379,16057.08008,16297.59961,16057.08008,16284.7002,145740000
2380,16278.62012,16348.87012,16073.82031,16272.00977,111420000
2381,16258.25,16472.76953,16013.66016,16472.36914,136890000
2382,16502.09961,16798.36914,16502.09961,16776.42969,127660000
2383,16774.01953,16865.08984,16746.0293,16790.18945,120010000
2384,16805.41992,16963.30078,16765,16912.28906,115690000
2385,16904.16992,17081.2793,16859.33984,17050.75,100730000
2386,17054.68945,17110.88086,17027.23047,17084.49023,103730000
2387,17082.28906,17139.21094,17064.58008,17131.85938,72500000
2388,17113.55078,17172.81055,17034.44922,17081.89063,99400000
2389,17079.08008,17111.38086,16887.66992,16924.75,120110000
2390,16944.85938,17144.41992,16933.57031,17141.75,122960000
2391,17141.75,17220.01953,17107.34961,17215.9707,145880000
2392,17209.42969,17235.94922,17129.18945,17230.53906,118430000
2393,17228.4707,17264.88086,17147.99023,17217.10938,106670000
2394,17225.92969,17314.99023,17153.13086,17168.60938,107100000
2395,17180.88086,17505.17969,17180.88086,17489.16016,152420000
2396,17525.10938,17679.36914,17525.10938,17646.69922,158090000
2397,17649.57031,17660.69922,17602.50977,17623.05078,116660000
2398,17608.89063,17635.17969,17540.57031,17581.42969,113960000
2399,17586.68945,17779.94922,17556.71094,17779.51953,115630000
2400,17771.5,17786,17684.7207,17755.80078,90300000
2401,17756.59961,17799.96094,17662.86914,17663.53906,149250000
2402,17672.61914,17845.90039,17655.01953,17828.75977,100840000
2403,17819.74023,17977.84961,17796.01953,17918.15039,92290000
2404,17929.58008,17964.11914,17828.83008,17867.58008,99890000
2405,17871.25,17929.50977,17779.18945,17863.42969,98910000
2406,17855.2207,17912.03906,17768.59961,17910.33008,107450000
2407,17900.7793,17900.7793,17667.7793,17730.48047,121210000
2408,17724.13086,17768.66016,17657.7207,17758.21094,108640000
2409,17769.5,17807.17969,17696.91016,17702.2207,95230000
2410,17691.92969,17691.92969,17443.5,17448.07031,113660000
2411,17439.25,17439.25,17238.89063,17245.24023,134640000
2412,17229.93945,17483.00977,17210.42969,17483.00977,137590000
2413,17486.99023,17599.33008,17451.41016,17489.5,167190000
2414,17485.49023,17752.16016,17485.49023,17737.16016,106810000
2415,17739.83008,17772.9707,17681.98047,17732.75,114630000
2416,17732.75,17914.33984,17732.75,17823.81055,153140000
2417,17823.60938,17868.17969,17751.5293,17792.67969,134680000
2418,17770.90039,17862.59961,17683.50977,17812.18945,127170000
2419,17820.81055,17854.91992,17801.83008,17813.39063,82540000
2420,17806.03906,17830.35938,17749.32031,17813.39063,82540000
2421,17802.83984,17837.24023,17719.78906,17719.91992,155560000
2422,17719.7207,17895.5,17719.7207,17888.34961,103880000
2423,17883.14063,17901.58008,17708.19922,17729.67969,102860000
2424,17741.57031,17780.58984,17425.56055,17477.66992,126990000
2425,17482.67969,17866.4707,17482.67969,17847.63086,137650000
2426,17845.49023,17845.49023,17639.25,17730.50977,99670000
2427,17703.99023,17703.99023,17485.39063,17568,113720000
2428,17558.17969,17767.68945,17403.50977,17492.30078,122020000
2429,17493.16992,17697.74023,17474.66016,17574.75,107310000
2430,17574.75,17574.75,17230.5,17265.21094,134510000
2431,17277.10938,17378.01953,17138.4707,17368.5,142540000
2432,17374.7793,17627.63086,17341.17969,17524.91016,123430000
2433,17530.84961,17784.35938,17483.67969,17749.08984,123790000
2434,17756.53906,17796.75977,17493.5,17495.83984,115780000
2435,17495.03906,17496.58008,17124.31055,17128.55078,344560000
2436,17154.93945,17272.35938,17116.73047,17251.61914,114910000
2437,17253.55078,17451.10938,17242.85938,17417.26953,91570000
2438,17427.63086,17607.91992,17427.63086,17602.60938,92820000
2439,17593.25977,17606.33984,17543.94922,17552.16992,40350000
2440,17535.66016,17536.90039,17437.33984,17528.26953,59770000
2441,17547.36914,17750.01953,17547.36914,17720.98047,69860000
2442,17711.93945,17714.13086,17588.86914,17603.86914,59760000
2443,17590.66016,17590.66016,17421.16016,17425.0293,93690000
2444,17405.48047,17405.48047,16957.63086,17148.93945,148060000
2445,17147.5,17195.83984,17038.60938,17158.66016,105750000
2446,17154.83008,17154.83008,16817.61914,16906.50977,120250000
2447,16888.35938,16888.35938,16463.63086,16514.09961,176240000
2448,16519.16992,16651.89063,16314.57031,16346.4502,141850000
2449,16358.70996,16461.84961,16232.03027,16398.57031,127790000
2450,16419.10938,16591.34961,16322.07031,16516.2207,117480000
2451,16526.63086,16593.50977,16123.2002,16151.41016,153530000
2452,16159.00977,16482.05078,16075.12012,16379.04981,158830000
2453,16354.33008,16354.33008,15842.11035,15988.08008,239210000
2454,16009.4502,16171.95996,15900.25,16016.01953,144360000
2455,15989.4502,15989.4502,15450.55957,15766.74023,191870000
2456,15768.87012,16038.58984,15704.66016,15882.67969,145140000
2457,15921.09961,16136.79004,15921.09961,16093.50977,145850000
2458,16086.45996,16086.45996,15880.15039,15885.21973,123250000
2459,15893.16016,16185.79004,15893.16016,16167.23047,118210000
2460,16168.74023,16235.03027,15878.29981,15944.45996,138350000
2461,15960.28027,16102.13965,15863.71973,16069.63965,130120000
2462,16090.25977,16466.30078,16090.25977,16466.30078,217940000
2463,16453.63086,16510.98047,16299.46973,16449.17969,114450000
2464,16420.21094,16420.21094,16108.44043,16153.54004,126210000
2465,16186.2002,16381.69043,15960.4502,16336.66016,141870000
2466,16329.66992,16485.83984,16266.16016,16416.58008,131490000
2467,16417.94922,16423.63086,16129.80957,16204.96973,139010000
2468,16147.50977,16147.50977,15803.54981,16027.04981,165880000
2469,16005.41016,16136.62012,15881.11035,16014.37988,127740000
2470,16035.61035,16201.88965,15899.91016,15914.74023,122290000
2471,15897.82031,15897.82031,15503.00977,15660.17969,172070000
2472,15691.62012,15974.04004,15691.62012,15973.83984,132550000
2473,16012.38965,16196.41016,16012.38965,16196.41016,142030000
2474,16217.98047,16486.11914,16217.98047,16453.83008,124080000
2475,16483.75977,16511.83984,16390.42969,16413.42969,104950000
2476,16410.96094,16410.96094,16278,16391.99023,134340000
2477,16417.13086,16664.24023,16417.13086,16620.66016,102240000
2478,16610.39063,16610.39063,16403.5293,16431.7793,98170000
2479,16418.83984,16507.39063,16165.86035,16484.99023,93620000
2480,16504.38086,16697.98047,16458.41992,16697.28906,94120000
2481,16712.69922,16795.98047,16623.91016,16639.9707,98480000
2482,16634.15039,16726.11914,16510.40039,16516.5,126220000
2483,16545.66992,16865.56055,16545.66992,16865.08008,105050000
2484,16851.16992,16900.16992,16766.32031,16899.32031,104470000
2485,16896.16992,16944.31055,16820.73047,16943.90039,91110000
2486,16945,17062.38086,16898.83984,17006.76953,106910000
2487,16991.28906,17099.25,16940.48047,17073.94922,100290000
2488,17050.66992,17072.78906,16921.50977,16964.09961,108380000
2489,16969.16992,17048.5,16947.93945,17000.35938,116690000
2490,17006.05078,17130.10938,16821.85938,16995.13086,117570000
2491,17014.99023,17220.08984,17014.99023,17213.31055,123420000
2492,17207.49023,17275.07031,17161.16016,17229.13086,96350000
2493,17217.15039,17251.69922,17120.34961,17251.5293,92830000
2494,17249.33984,17379.17969,17204.07031,17325.75977,118710000
2495,17321.38086,17529.00977,17297.65039,17481.49023,117990000
2496,17481.49023,17620.58008,17481.49023,17602.30078,321230000
2497,17589.69922,17644.9707,17551.2793,17623.86914,84410000
2498,17602.71094,17648.93945,17540.41992,17582.57031,95450000
2499,17588.81055,17588.81055,17486.26953,17502.58984,84240000
2500,17485.33008,17517.14063,17399.00977,17515.73047,84100000
2501,17526.08008,17583.81055,17493.0293,17535.39063,70460000
2502,17512.58008,17642.81055,17434.26953,17633.10938,86160000
2503,17652.35938,17790.10938,17652.35938,17716.66016,79330000
2504,17716.05078,17755.69922,17669.7207,17685.08984,102600000
2505,17661.74023,17811.48047,17568.01953,17792.75,104890000
2506,17799.39063,17806.38086,17710.66992,17737,85230000
2507,17718.0293,17718.0293,17579.56055,17603.32031,115230000
2508,17605.44922,17723.55078,17542.53906,17716.05078,99410000
2509,17687.2793,17687.2793,17484.23047,17541.96094,90120000
2510,17555.39063,17694.50977,17528.16016,17576.96094,79990000
2511,17586.48047,17731.63086,17555.90039,17556.41016,107100000
2512,17571.33984,17744.42969,17553.57031,17721.25,81020000
2513,17741.66016,17918.34961,17741.66016,17908.2793,91710000
2514,17912.25,17962.14063,17885.43945,17926.42969,84510000
2515,17925.94922,17937.65039,17867.41016,17897.46094,118160000
2516,17890.19922,18009.5293,17848.2207,18004.16016,89390000
2517,18012.09961,18103.46094,17984.42969,18053.59961,89820000
2518,18059.49023,18167.63086,18031.21094,18096.26953,100210000